Page,Text,Font_Name,Font_Size,Font_Color,Is_Bold,X0,Y0,X1,Y1
1,Oracle Fusion,Georgia,48.0,0,False,96.0,259.42401123046875,391.0560302734375,313.5680236816406
1,Cloud Financials,Georgia,48.0,0,False,96.0,311.2640075683594,451.10400390625,365.40802001953125
1,Implementing Accounting Hub,OracleSans-ExtraBold,24.0,0,True,96.0,433.96002197265625,456.2640075683594,457.96002197265625
1,Reporting,OracleSans-ExtraBold,24.0,0,True,96.0,459.8800048828125,214.6800079345703,483.8800048828125
1,25C,OracleSans-Bold,24.0,5798790,True,96.0,519.239990234375,137.52000427246094,543.239990234375
2,Oracle Fusion Cloud Financials,OracleSans-Regular,8.0,0,False,42.0,37.60000228881836,152.28799438476562,45.60000228881836
2,Implementing Accounting Hub Reporting,OracleSans-Regular,8.0,0,False,42.0,48.79999923706055,190.88800048828125,56.79999923706055
2,25C,OracleSans-Regular,8.0,0,False,42.0,66.99999237060547,55.552001953125,74.99999237060547
2,G34354-01,OracleSans-Regular,8.0,0,False,42.0,85.19999694824219,81.35999298095703,93.19999694824219
2,Copyright ©,OracleSans-Italic,8.0,12275740,False,42.0,103.39999389648438,86.3280029296875,111.39999389648438
2,"2011, 2025, Oracle and/or its affiliates.",OracleSans-Regular,8.0,0,False,86.3280029296875,103.39999389648438,224.0079803466797,111.39999389648438
2,Author: Vineeta Kumar,OracleSans-Regular,8.0,0,False,42.0,121.5999984741211,124.89600372314453,129.60000610351562
3,Oracle Fusion Cloud Financials,OracleSans-Regular,8.0,8421504,False,36.0,36.79999923706055,146.28799438476562,44.79999923706055
3,Implementing Accounting Hub Reporting,OracleSans-Regular,10.0,8421504,False,36.0,46.60000228881836,222.11000061035156,56.60000228881836
3,Contents,OracleSans-Bold,24.0,0,True,36.0,88.79999542236328,139.82400512695312,112.79999542236328
3,Get Help,OracleSans-Bold,14.0,2434341,True,60.29999923706055,152.60000610351562,119.96099853515625,166.60000610351562
3,................................................................................................................................,OracleSans-Regular,14.0,16777215,False,124.83999633789062,152.60000610351562,562.0880126953125,166.60000610351562
3,i,OracleSans-Regular,14.0,2434341,False,562.7650146484375,152.60000610351562,575.9949951171875,166.60000610351562
3,1,OracleSans-Bold,18.0,10066329,True,45.683998107910156,206.7069854736328,53.099998474121094,224.7069854736328
3,Cloud Reporting,OracleSans-Bold,14.0,2434341,True,60.29999923706055,206.70700073242188,169.48599243164062,220.70700073242188
3,1,OracleSans-Bold,14.0,2434341,True,570.2320556640625,206.906982421875,576.0000610351562,220.906982421875
3,Overview of Oracle Accounting Hub Reporting Cloud Service for E-Business Suite Customers,OracleSans-Regular,10.0,2434341,False,60.29999923706055,229.40701293945312,480.927001953125,239.40701293945312
3,...................................,OracleSans-Regular,10.0,16777215,False,481.1059875488281,229.40701293945312,566.5059814453125,239.40701293945312
3,1,OracleSans-Regular,10.0,2434341,False,567.0670166015625,229.40701293945312,575.9949951171875,239.40701293945312
3,2,OracleSans-Bold,18.0,10066329,True,43.63199996948242,268.10699462890625,53.099998474121094,286.10699462890625
3,Other Financial Reporting,OracleSans-Bold,14.0,2434341,True,60.29999923706055,268.10699462890625,233.07400512695312,282.10699462890625
3,3,OracleSans-Bold,14.0,2434341,True,568.510009765625,268.3070068359375,576.0,282.3070068359375
3,Overview of Financial Reporting Center,OracleSans-Regular,10.0,2434341,False,60.29999923706055,290.8070068359375,242.1300048828125,300.8070068359375
3,...................................................................................................................................,OracleSans-Regular,10.0,16777215,False,242.8820037841797,290.8070068359375,562.5220336914062,300.8070068359375
3,3,OracleSans-Regular,10.0,2434341,False,562.5220336914062,290.8070068359375,575.9959716796875,300.8070068359375
3,Set Up Financial Reporting Center and Smart View,OracleSans-Regular,10.0,2434341,False,60.29999923706055,307.8070068359375,293.20001220703125,317.8070068359375
3,..............................................................................................................,OracleSans-Regular,10.0,16777215,False,293.8280029296875,307.8070068359375,562.22802734375,317.8070068359375
3,5,OracleSans-Regular,10.0,2434341,False,562.22802734375,307.8070068359375,575.9959716796875,317.8070068359375
3,Oracle General Ledger Predefined Reports,OracleSans-Regular,10.0,2434341,False,60.29999923706055,324.8070068359375,255.46499633789062,334.8070068359375
3,..............................................................................................................................,OracleSans-Regular,10.0,16777215,False,256.1829833984375,324.8070068359375,563.6229858398438,334.8070068359375
3,8,OracleSans-Regular,10.0,2434341,False,563.7999877929688,324.8070068359375,575.9959716796875,334.8070068359375
4,Oracle Fusion Cloud Financials,OracleSans-Regular,8.0,8421504,False,36.0,36.79999923706055,146.28799438476562,44.79999923706055
4,Implementing Accounting Hub Reporting,OracleSans-Regular,10.0,8421504,False,36.0,46.60000228881836,222.11000061035156,56.60000228881836
5,Oracle Fusion Cloud Financials,OracleSans-Regular,8.0,8421504,False,36.0,36.79999923706055,146.28799438476562,44.79999923706055
5,Implementing Accounting Hub Reporting,OracleSans-Regular,10.0,8421504,False,36.0,46.60000228881836,222.11000061035156,56.60000228881836
5,Get Help,OracleSans-Regular,10.0,10037031,False,536.780029296875,37.000003814697266,576.0,47.000003814697266
5,Get Help,OracleSans-Regular,24.0,0,False,36.0,86.39999389648438,130.1280059814453,110.39999389648438
5,There are a number of ways to learn more about your product and interact with Oracle and other users.,OracleSans-Regular,10.0,0,False,36.0,124.24999237060547,498.3800964355469,134.25
5,Get Help in the Applications,OracleSans-Regular,16.0,2434341,False,36.0,152.89999389648438,236.83200073242188,168.89999389648438
5,Some application pages have help icons,OracleSans-Regular,10.0,0,False,36.0,181.04100036621094,220.64999389648438,191.04100036621094
5,to give you access to contextual help. If you don't see any help icons on,OracleSans-Regular,10.0,0,False,235.6510009765625,181.04100036621094,560.4010009765625,191.04100036621094
5,"your page, click your user image or name in the global header and select Show Help Icons. If the page has contextual",OracleSans-Regular,10.0,0,False,36.0,193.14100646972656,559.7901000976562,203.14100646972656
5,"help, help icons will appear.",OracleSans-Regular,10.0,0,False,36.0,205.2410125732422,159.35000610351562,215.2410125732422
5,Get Support,OracleSans-Regular,16.0,2434341,False,36.0,233.8909912109375,123.79200744628906,249.8909912109375
5,You can get support at,OracleSans-Regular,10.0,0,False,36.0,254.54100036621094,140.08999633789062,264.5409851074219
5,My Oracle Support,OracleSans-Italic,10.0,12275740,False,140.08999633789062,254.54100036621094,223.489990234375,264.5409851074219
5,". For accessible support, visit",OracleSans-Regular,10.0,0,False,223.49000549316406,254.54100036621094,354.9600524902344,264.5409851074219
5,Oracle Accessibility Learning and Support,OracleSans-Italic,10.0,12275740,False,354.9599914550781,254.54100036621094,540.3900146484375,264.5409851074219
5,.,OracleSans-Regular,10.0,0,False,540.3900146484375,254.54100036621094,542.8300170898438,264.5409851074219
5,Get Training,OracleSans-Regular,16.0,2434341,False,36.0,283.1910095214844,124.35200500488281,299.1910095214844
5,Increase your knowledge of Oracle Cloud by taking courses at,OracleSans-Regular,10.0,0,False,36.0,303.84100341796875,315.1800231933594,313.84100341796875
5,Oracle University,OracleSans-Italic,10.0,12275740,False,315.17999267578125,303.84100341796875,391.1600341796875,313.84100341796875
5,.,OracleSans-Regular,10.0,0,False,391.1600036621094,303.84100341796875,393.6000061035156,313.84100341796875
5,Join Our Community,OracleSans-Regular,16.0,2434341,False,36.0,332.4909973144531,186.80001831054688,348.4909973144531
5,Use,OracleSans-Regular,10.0,0,False,36.0,353.1409912109375,55.500003814697266,363.1409912109375
5,Cloud Customer Connect,OracleSans-Italic,10.0,12275740,False,55.5,353.1409912109375,166.62998962402344,363.1409912109375
5,to get information from industry experts at Oracle and in the partner community. You,OracleSans-Regular,10.0,0,False,166.6300048828125,353.1409912109375,552.690185546875,363.1409912109375
5,"can join forums to connect with other customers, post questions, suggest",OracleSans-Regular,10.0,0,False,36.0,365.2409973144531,369.0200500488281,375.2409973144531
5,ideas,OracleSans-Italic,10.0,12275740,False,369.0199890136719,365.2409973144531,392.58001708984375,375.2409973144531
5,"for product enhancements, and watch",OracleSans-Regular,10.0,0,False,392.5799865722656,365.2409973144531,566.2400512695312,375.2409973144531
5,events.,OracleSans-Regular,10.0,0,False,36.0,377.34100341796875,68.16000366210938,387.34100341796875
5,Learn About Accessibility,OracleSans-Regular,16.0,2434341,False,36.0,405.9909973144531,217.9840087890625,421.9909973144531
5,"For information about Oracle's commitment to accessibility, visit the",OracleSans-Regular,10.0,0,False,36.0,426.6409912109375,344.080078125,436.6409912109375
5,Oracle Accessibility Program,OracleSans-Italic,10.0,12275740,False,344.0799865722656,426.6409912109375,470.9400329589844,436.6409912109375
5,. Videos included in,OracleSans-Regular,10.0,0,False,470.94000244140625,426.6409912109375,558.7799682617188,436.6409912109375
5,this guide are provided as a media alternative for text-based topics also available in this guide.,OracleSans-Regular,10.0,0,False,36.0,438.7409973144531,458.3100891113281,448.7409973144531
5,Share Your Feedback,OracleSans-Regular,16.0,2434341,False,36.0,467.3910217285156,187.37600708007812,483.3910217285156
5,"We welcome your feedback about Oracle Applications user assistance. If you need clarification, find an error, or just",OracleSans-Regular,10.0,0,False,36.0,488.0409851074219,552.5901489257812,498.0409851074219
5,"want to tell us what you found helpful, we'd like to hear from you.",OracleSans-Regular,10.0,0,False,36.0,500.1409912109375,328.8099670410156,510.1409912109375
5,You can email your feedback to,OracleSans-Regular,10.0,0,False,36.0,520.240966796875,178.86997985839844,530.240966796875
5,oracle_fusion_applications_help_ww_grp@oracle.com,OracleSans-Italic,10.0,12275740,False,178.8699951171875,520.240966796875,418.68994140625,530.240966796875
5,.,OracleSans-Regular,10.0,0,False,418.69000244140625,520.240966796875,421.1300048828125,530.240966796875
5,Thanks for helping us improve our user assistance!,OracleSans-Regular,10.0,0,False,36.0,540.3410034179688,265.3000183105469,550.3410034179688
5,i,OracleSans-Regular,11.0,0,False,573.27197265625,726.260009765625,576.0,737.260009765625
6,Oracle Fusion Cloud Financials,OracleSans-Regular,8.0,8421504,False,36.0,36.79999923706055,146.28799438476562,44.79999923706055
6,Implementing Accounting Hub Reporting,OracleSans-Regular,10.0,8421504,False,36.0,46.60000228881836,222.11000061035156,56.60000228881836
6,Get Help,OracleSans-Regular,10.0,10037031,False,536.780029296875,37.000003814697266,576.0,47.000003814697266
6,ii,OracleSans-Regular,11.0,0,False,570.5440063476562,726.260009765625,576.0,737.260009765625
7,Oracle Fusion Cloud Financials,OracleSans-Regular,8.0,8421504,False,36.0,36.79999923706055,146.28799438476562,44.79999923706055
7,Implementing Accounting Hub Reporting,OracleSans-Regular,10.0,8421504,False,36.0,46.60000228881836,222.11000061035156,56.60000228881836
7,Chapter 1,OracleSans-Regular,8.0,2565927,False,542.4639892578125,36.79999923706055,575.9999389648438,44.79999923706055
7,Cloud Reporting,OracleSans-Regular,10.0,10037031,False,502.239990234375,46.60000228881836,576.0,56.60000228881836
7,1,OracleSans-Bold,30.0,7366238,True,36.0,85.0,48.36000061035156,115.0
7,Cloud Reporting,OracleSans-Bold,24.0,0,True,59.80999755859375,89.50599670410156,246.98599243164062,113.50599670410156
7,Overview of Oracle Accounting Hub Reporting Cloud,OracleSans-Regular,21.0,4616518,False,36.0,143.60000610351562,533.615966796875,164.60000610351562
7,Service for E-Business Suite Customers,OracleSans-Regular,21.0,4616518,False,36.0,168.8000030517578,417.5489807128906,189.8000030517578
7,Oracle Accounting Hub Reporting Cloud Service provides E-Business Suite customers exceptional reporting and,OracleSans-Regular,10.0,0,False,36.0,203.95001220703125,539.010009765625,213.95001220703125
7,analytics capabilities with minimal disruption to their current financial management processes.,OracleSans-Regular,10.0,0,False,36.0,216.0500030517578,461.5099792480469,226.0500030517578
7,The predefined integration between the Accounting Hub Reporting Cloud Service and E-Business Suite Release 12 (R12),OracleSans-Regular,10.0,0,False,36.0,244.15000915527344,572.1900024414062,254.15000915527344
7,allows E-Business Suite customers to gain real-time access to information and improve business decisions with minimal,OracleSans-Regular,10.0,0,False,36.0,256.25,574.3502197265625,266.25
7,costs and reduced risk. Customers can continue to use their current financial processes for day-to-day operational,OracleSans-Regular,10.0,0,False,36.0,268.3499755859375,548.5601806640625,278.3499755859375
7,"accounting, and then use the Accounting Hub Reporting Cloud Service for their reporting and analysis.",OracleSans-Regular,10.0,0,False,36.0,280.45001220703125,497.7901306152344,290.45001220703125
7,"For more information, see Accounting Hub Reporting Cloud Service for E-Business Suite Customers, DOC ID 2034564.1,",OracleSans-Regular,10.0,0,False,36.0,300.54998779296875,572.0701293945312,310.54998779296875
7,on My Oracle Support.,OracleSans-Regular,10.0,0,False,36.0,312.6499938964844,137.12001037597656,322.6499938964844
7,1,OracleSans-Regular,11.0,0,False,571.9630126953125,726.260009765625,576.0,737.260009765625
8,Oracle Fusion Cloud Financials,OracleSans-Regular,8.0,8421504,False,36.0,36.79999923706055,146.28799438476562,44.79999923706055
8,Implementing Accounting Hub Reporting,OracleSans-Regular,10.0,8421504,False,36.0,46.60000228881836,222.11000061035156,56.60000228881836
8,Chapter 1,OracleSans-Regular,8.0,2565927,False,542.4639892578125,36.79999923706055,575.9999389648438,44.79999923706055
8,Cloud Reporting,OracleSans-Regular,10.0,10037031,False,502.239990234375,46.60000228881836,576.0,56.60000228881836
8,2,OracleSans-Regular,11.0,0,False,570.31298828125,726.260009765625,576.0,737.260009765625
9,Oracle Fusion Cloud Financials,OracleSans-Regular,8.0,8421504,False,36.0,36.79999923706055,146.28799438476562,44.79999923706055
9,Implementing Accounting Hub Reporting,OracleSans-Regular,10.0,8421504,False,36.0,46.60000228881836,222.11000061035156,56.60000228881836
9,Chapter 2,OracleSans-Regular,8.0,2565927,False,541.2640380859375,36.79999923706055,576.0,44.79999923706055
9,Other Financial Reporting,OracleSans-Regular,10.0,10037031,False,460.02001953125,46.60000228881836,576.0000610351562,56.60000228881836
9,2,OracleSans-Bold,30.0,7366238,True,36.0,85.0,51.779998779296875,115.0
9,Other Financial Reporting,OracleSans-Bold,24.0,0,True,63.22999954223633,89.50599670410156,359.41400146484375,113.50599670410156
9,Overview of Financial Reporting Center,OracleSans-Regular,21.0,4616518,False,36.0,143.60000610351562,416.6669921875,164.60000610351562
9,The Financial Reporting Center is intended to be the primary user interface for financials end users to access all seven,OracleSans-Regular,10.0,0,False,36.0,178.75001525878906,564.5802001953125,188.75001525878906
9,report types.,OracleSans-Regular,10.0,0,False,36.0,190.85000610351562,93.3800048828125,200.85000610351562
9,Financial Reporting Center,OracleSans-Regular,16.0,2434341,False,36.0,227.5,228.03201293945312,243.5
9,"The Financial Reporting Center includes these report types: Financial Reporting Web Studio Reports, Account Groups",OracleSans-Regular,10.0,0,False,36.0,248.15000915527344,561.9201049804688,258.1499938964844
9,"and Sunburst, Smart View Reports, Oracle Transactional Business Intelligence Analyses, Oracle Transactional Business",OracleSans-Regular,10.0,0,False,36.0,260.25,566.6200561523438,270.25
9,"Intelligence Dashboards, Oracle Analytics Publisher Reports, and Business Intelligence Mobile Apps. Other reporting",OracleSans-Regular,10.0,0,False,36.0,272.3499755859375,556.77001953125,282.3499755859375
9,tools are also available to run the same seven report types.,OracleSans-Regular,10.0,0,False,36.0,284.45001220703125,298.82000732421875,294.45001220703125
9,This figure illustrates the report types that are available in the Financial Reporting Center.,OracleSans-Regular,10.0,0,False,36.0,304.54998779296875,436.0200500488281,314.54998779296875
9,"Reports can be accessed through various methods. However, the Financial Reporting Center provides access to every",OracleSans-Regular,10.0,0,False,36.0,629.7659912109375,562.0900268554688,639.7659912109375
9,"type of report, is intended to be the primary user interface for financials end users, and is tablet and smartphone",OracleSans-Regular,10.0,0,False,36.0,641.865966796875,541.1301879882812,651.865966796875
9,"friendly. In addition to accessing reports, you can add favorites, define tags, and view report details, such as type and",OracleSans-Regular,10.0,0,False,36.0,653.9660034179688,560.6801147460938,663.9660034179688
9,last updated date.,OracleSans-Regular,10.0,0,False,36.0,666.0659790039062,116.6600112915039,676.0659790039062
9,3,OracleSans-Regular,11.0,0,False,570.2579956054688,726.260009765625,576.0,737.260009765625
10,Oracle Fusion Cloud Financials,OracleSans-Regular,8.0,8421504,False,36.0,36.79999923706055,146.28799438476562,44.79999923706055
10,Implementing Accounting Hub Reporting,OracleSans-Regular,10.0,8421504,False,36.0,46.60000228881836,222.11000061035156,56.60000228881836
10,Chapter 2,OracleSans-Regular,8.0,2565927,False,541.2640380859375,36.79999923706055,576.0,44.79999923706055
10,Other Financial Reporting,OracleSans-Regular,10.0,10037031,False,460.02001953125,46.60000228881836,576.0000610351562,56.60000228881836
10,Financial Reports are read from the,OracleSans-Regular,10.0,0,False,36.0,75.04999542236328,197.02000427246094,85.04999542236328
10,Shared,OracleSans-Bold,10.0,0,True,197.02000427246094,75.04999542236328,230.6300048828125,85.04999542236328
10,>,OracleSans-Regular,10.0,0,False,230.6300048828125,75.04999542236328,241.52999877929688,85.04999542236328
10,Custom,OracleSans-Bold,10.0,0,True,241.52999877929688,75.04999542236328,278.1099853515625,85.04999542236328
10,>,OracleSans-Regular,10.0,0,False,278.1099853515625,75.04999542236328,289.010009765625,85.04999542236328
10,Financials,OracleSans-Bold,10.0,0,True,289.010009765625,75.04999542236328,336.8599853515625,85.04999542236328
10,and,OracleSans-Regular,10.0,0,False,336.8599853515625,75.04999542236328,358.95001220703125,85.04999542236328
10,My Folders,OracleSans-Bold,10.0,0,True,358.95001220703125,75.04999542236328,411.5000305175781,85.04999542236328
10,directories. All other report types,OracleSans-Regular,10.0,0,False,411.5,75.04999542236328,562.2600708007812,85.04999542236328
10,"can be saved anywhere in the BI Catalog however, any user-defined content should be in the",OracleSans-Regular,10.0,0,False,36.0,87.1500015258789,453.2400207519531,97.1500015258789
10,Shared,OracleSans-Bold,10.0,0,True,453.239990234375,87.1500015258789,486.8500061035156,97.1500015258789
10,>,OracleSans-Regular,10.0,0,False,486.8500061035156,87.1500015258789,497.7500305175781,97.1500015258789
10,Custom,OracleSans-Bold,10.0,0,True,497.75,87.1500015258789,534.3300170898438,97.1500015258789
10,folder.,OracleSans-Regular,10.0,0,False,534.3299560546875,87.1500015258789,565.050048828125,97.1500015258789
10,Subfolders can be created within the,OracleSans-Regular,10.0,0,False,36.0,99.24999237060547,202.11000061035156,109.24999237060547
10,Shared,OracleSans-Bold,10.0,0,True,202.11000061035156,99.24999237060547,235.72000122070312,109.24999237060547
10,>,OracleSans-Regular,10.0,0,False,235.72000122070312,99.24999237060547,246.6199951171875,109.24999237060547
10,Custom,OracleSans-Bold,10.0,0,True,246.6199951171875,99.24999237060547,283.1999816894531,109.24999237060547
10,folder.,OracleSans-Regular,10.0,0,False,283.20001220703125,99.24999237060547,313.91998291015625,109.24999237060547
10,Seven types of reports can be run from the Financial Reporting Center and from the other reporting tools.,OracleSans-Regular,10.0,0,False,36.0,119.3499984741211,510.300048828125,129.35000610351562
10,•,OracleSans-Regular,10.0,4616518,False,62.47999954223633,144.4499969482422,66.0,154.4499969482422
10,Financial Reports: These reports are built off of the Oracle Financial Reporting Web Studio using data in the,OracleSans-Regular,10.0,0,False,74.0,144.4499969482422,555.4801635742188,154.4499969482422
10,"Oracle General Ledger balances cube. For example, company income statements and balance sheets. These",OracleSans-Regular,10.0,0,False,74.0,156.5500030517578,558.070068359375,166.5500030517578
10,reports are mainly run by users in General Ledger.,OracleSans-Regular,10.0,0,False,74.0,168.65000915527344,298.4499816894531,178.65000915527344
10,•,OracleSans-Regular,10.0,4616518,False,62.47999954223633,186.75001525878906,66.0,196.75001525878906
10,Account Groups and Sunburst: Account groups are used to monitor key accounts in General Ledger. When,OracleSans-Regular,10.0,0,False,74.0,186.75001525878906,551.3499755859375,196.75001525878906
10,"a user creates an account group, it becomes visible in the Financial Reporting Center with the Sunburst",OracleSans-Regular,10.0,0,False,74.0,198.85000610351562,535.2401123046875,208.85000610351562
10,visualization tool. The Sunburst visualization tool lets you interact with your account balances across various,OracleSans-Regular,10.0,0,False,74.0,210.95001220703125,560.4901733398438,220.95001220703125
10,business dimensions to view balances from different perspectives. Account groups are used only in General,OracleSans-Regular,10.0,0,False,74.0,223.0500030517578,556.820068359375,233.0500030517578
10,Ledger.,OracleSans-Regular,10.0,0,False,74.0,235.15000915527344,107.7300033569336,245.15000915527344
10,•,OracleSans-Regular,10.0,4616518,False,62.47999954223633,253.25001525878906,66.0,263.25
10,Smart View Reports: Smart View is a multidimensional pivot analysis tool combined with full Excel functionality.,OracleSans-Regular,10.0,0,False,74.0,253.25001525878906,574.2200927734375,263.25
10,Smart View enables you to interactively analyze your balances and define reports using a familiar spreadsheet,OracleSans-Regular,10.0,0,False,74.0,265.3499755859375,567.7100830078125,275.3499755859375
10,"environment. These queries are mainly for users in General Ledger. To share Smart View queries, users can",OracleSans-Regular,10.0,0,False,74.0,277.45001220703125,554.1900634765625,287.45001220703125
10,"email them to other users, or they can upload the queries to the Financial Reporting Center where users can",OracleSans-Regular,10.0,0,False,74.0,289.54998779296875,557.77001953125,299.54998779296875
10,download them to a local drive for use. The Financial Reporting Center is only a place for users to upload and,OracleSans-Regular,10.0,0,False,74.0,301.6499938964844,562.31005859375,311.6499938964844
10,download Smart View queries.,OracleSans-Regular,10.0,0,False,74.0,313.75,210.83999633789062,323.75
10,Note:,OracleSans-Bold,10.0,0,True,83.0,338.0099792480469,111.29999542236328,348.0099792480469
10,To upload a Smart View report to the Financial Reporting Center: select the Open Workspace for,OracleSans-Regular,10.0,0,False,111.30000305175781,338.0099792480469,543.8500366210938,348.0099792480469
10,"Financial Reports task, navigate to the BI Catalog, and select",OracleSans-Regular,10.0,0,False,83.0,350.1099853515625,355.8899841308594,360.1099853515625
10,Upload,OracleSans-Bold,10.0,0,True,355.8900146484375,350.1099853515625,389.8599853515625,360.1099853515625
10,from the Tasks section. Be sure to,OracleSans-Regular,10.0,0,False,389.8599853515625,350.1099853515625,543.780029296875,360.1099853515625
10,upload the Excel file to one of the folder locations mentioned previously.,OracleSans-Regular,10.0,0,False,83.0,362.2099609375,407.5199890136719,372.2099609375
10,•,OracleSans-Regular,10.0,4616518,False,62.47999954223633,388.30999755859375,66.0,398.30999755859375
10,Oracle Transactional Business Intelligence Analyses: These analyses and reports are built off of transactional,OracleSans-Regular,10.0,0,False,74.0,388.30999755859375,561.1801147460938,398.30999755859375
10,"tables using subject areas. These reports can be run by users in General Ledger, Payables, Receivables, Cash",OracleSans-Regular,10.0,0,False,74.0,400.4100036621094,558.8500366210938,410.4100036621094
10,"Management, Intercompany, and so on.",OracleSans-Regular,10.0,0,False,74.0,412.5099792480469,252.6999969482422,422.5099792480469
10,•,OracleSans-Regular,10.0,4616518,False,62.47999954223633,430.6099853515625,66.0,440.6099853515625
10,"Oracle Transactional Business Intelligence Dashboards: Dashboards put all the information, functions,",OracleSans-Regular,10.0,0,False,74.0,430.6099853515625,531.0202026367188,440.6099853515625
10,and actions that a business user must have to do their job in one place. Dashboards are built off of Oracle,OracleSans-Regular,10.0,0,False,74.0,442.7099914550781,546.1001586914062,452.7099914550781
10,Transactional Business Intelligence objects like analyses and reports. These reports can be run by users in,OracleSans-Regular,10.0,0,False,74.0,454.80999755859375,548.530029296875,464.80999755859375
10,"General Ledger, Payables, Receivables, Cash Management, Intercompany, and so on.",OracleSans-Regular,10.0,0,False,74.0,466.9100036621094,453.1400451660156,476.9100036621094
10,•,OracleSans-Regular,10.0,4616518,False,62.47999954223633,485.0099792480469,66.0,495.0099792480469
10,Oracle Analytics Publisher Reports: Most of these reports are predefined and must first be submitted and,OracleSans-Regular,10.0,0,False,74.0,485.0099792480469,545.830078125,495.0099792480469
10,resubmitted to see the latest data by the Oracle Enterprise Scheduler through the Scheduled Processes,OracleSans-Regular,10.0,0,False,74.0,497.1099853515625,536.0499877929688,507.1099853515625
10,"navigation. These reports can be run by users in General Ledger, Payables, Receivables, Cash Management,",OracleSans-Regular,10.0,0,False,74.0,509.2099609375,556.0099487304688,519.2099609375
10,"Intercompany, and so on.",OracleSans-Regular,10.0,0,False,74.0,521.3099975585938,187.4099884033203,531.3099975585938
10,•,OracleSans-Regular,10.0,4616518,False,62.47999954223633,539.4100341796875,66.0,549.4100341796875
10,BI Mobile Apps: Oracle Business Intelligence Mobile App Designer is an application that enables you to create,OracleSans-Regular,10.0,0,False,74.0,539.4100341796875,563.190185546875,549.4100341796875
10,"multitouch information-driven applications with rich interaction, rich visualization, and rich media, for mobile",OracleSans-Regular,10.0,0,False,74.0,551.510009765625,564.2603149414062,561.510009765625
10,"devices such as iPhone, iPad, Android phone, tablet, and more. These reports can be run by users in General",OracleSans-Regular,10.0,0,False,74.0,563.6099853515625,559.8601684570312,573.6099853515625
10,"Ledger, Payables, Receivables, Cash Management, Intercompany, and so on.",OracleSans-Regular,10.0,0,False,74.0,575.7099609375,415.820068359375,585.7099609375
10,Other Reporting Tools,OracleSans-Regular,16.0,2434341,False,36.0,605.3599853515625,194.9759979248047,621.3599853515625
10,Six other tools are available for reporting in Financials.,OracleSans-Regular,10.0,0,False,36.0,626.010009765625,279.02001953125,636.010009765625
10,The following table lists the other reporting tools and the types of reports they support.,OracleSans-Regular,10.0,0,False,36.0,646.1099853515625,428.1600341796875,656.1099853515625
10,4,OracleSans-Regular,11.0,0,False,569.3890380859375,726.260009765625,576.0000610351562,737.260009765625
11,Oracle Fusion Cloud Financials,OracleSans-Regular,8.0,8421504,False,36.0,36.79999923706055,146.28799438476562,44.79999923706055
11,Implementing Accounting Hub Reporting,OracleSans-Regular,10.0,8421504,False,36.0,46.60000228881836,222.11000061035156,56.60000228881836
11,Chapter 2,OracleSans-Regular,8.0,2565927,False,541.2640380859375,36.79999923706055,576.0,44.79999923706055
11,Other Financial Reporting,OracleSans-Regular,10.0,10037031,False,460.02001953125,46.60000228881836,576.0000610351562,56.60000228881836
11,Other Reporting Tools,OracleSans-Bold,8.0,0,True,42.0,80.79999542236328,126.44001770019531,88.79999542236328
11,Report Type,OracleSans-Bold,8.0,0,True,204.0,80.79999542236328,250.5439910888672,88.79999542236328
11,General Accounting Dashboard and,OracleSans-Regular,8.0,0,False,42.0,105.39999389648438,170.29598999023438,113.39999389648438
11,Account Inspector,OracleSans-Regular,8.0,0,False,42.0,114.99999237060547,107.67200469970703,122.99999237060547
11,Account Groups,OracleSans-Regular,8.0,0,False,204.0,105.39999389648438,262.0,113.39999389648438
11,Reports and Analytics,OracleSans-Regular,8.0,0,False,42.0,144.1999969482422,120.81600952148438,152.1999969482422
11,Oracle Transactional Business Intelligence Objects,OracleSans-Regular,8.0,0,False,204.0,144.1999969482422,384.2480163574219,152.1999969482422
11,BI Catalog,OracleSans-Regular,8.0,0,False,42.0,173.40000915527344,78.68000030517578,181.40000915527344
11,"All Report Types, Except Oracle Analytics Publisher Reports",OracleSans-Regular,8.0,0,False,204.0,173.40000915527344,416.39202880859375,181.40000915527344
11,Enterprise Performance Management,OracleSans-Regular,8.0,0,False,42.0,202.60000610351562,177.8560028076172,210.60000610351562
11,Workspace,OracleSans-Regular,8.0,0,False,42.0,212.20001220703125,81.48800659179688,220.20001220703125
11,"Reports, Books, Snapshot Reports, Snapshot Books, Financial Reporting Batches, and Batch Scheduler",OracleSans-Regular,8.0,0,False,204.0,202.60000610351562,571.6400756835938,210.60000610351562
11,Enterprise Scheduler System,OracleSans-Regular,8.0,0,False,42.0,241.40000915527344,145.59201049804688,249.40000915527344
11,Oracle Analytics Publisher Reports,OracleSans-Regular,8.0,0,False,204.0,241.40000915527344,327.7760009765625,249.40000915527344
11,Even though the Financial Reporting Center is designed to be the main user interface for a financial end user's reporting,OracleSans-Regular,10.0,0,False,36.0,273.8499755859375,575.1400756835938,283.8499755859375
11,"needs, some users may choose to use any of the six other tools for reporting in financials, such as:",OracleSans-Regular,10.0,0,False,36.0,285.95001220703125,476.66015625,295.95001220703125
11,•,OracleSans-Regular,10.0,4616518,False,62.47999954223633,309.5119934082031,66.0,319.5119934082031
11,"General Accounting Dashboard, which provides access to Account Groups: Uses the Account Monitor to",OracleSans-Regular,10.0,0,False,74.0,309.5119934082031,539.7100219726562,319.5119934082031
11,efficiently monitor and track key account balances in real time.,OracleSans-Regular,10.0,0,False,74.0,321.61199951171875,354.7700500488281,331.61199951171875
11,•,OracleSans-Regular,10.0,4616518,False,62.47999954223633,338.1739807128906,66.0,348.1739807128906
11,Account Inspector: Perform ad hoc queries from account groups and financial reports through drill down to,OracleSans-Regular,10.0,0,False,74.0,338.1739807128906,555.7901000976562,348.1739807128906
11,underlying journals and subledger transactions.,OracleSans-Regular,10.0,0,False,74.0,350.27398681640625,288.94000244140625,360.27398681640625
11,•,OracleSans-Regular,10.0,4616518,False,62.47999954223633,366.83599853515625,66.0,376.83599853515625
11,Reports and Analytics: This reporting tool has a panel that reflects the folder structure of the BI Catalog. Users,OracleSans-Regular,10.0,0,False,74.0,366.83599853515625,567.5401000976562,376.83599853515625
11,"can access and run any Oracle Transactional Business Intelligence analysis, report or dashboard. Users can't",OracleSans-Regular,10.0,0,False,74.0,378.9360046386719,557.7200927734375,388.9360046386719
11,run predefined Financial Reports or Oracle Analytics Publisher reports from this interface. This interface can be,OracleSans-Regular,10.0,0,False,74.0,391.0359802246094,572.1101684570312,401.0359802246094
11,used by all financials users.,OracleSans-Regular,10.0,0,False,74.0,403.135986328125,196.32000732421875,413.135986328125
11,•,OracleSans-Regular,10.0,4616518,False,62.47999954223633,419.697998046875,66.0,429.697998046875
11,BI Catalog: A component of the Enterprise Performance Management Workspace where you can run all report,OracleSans-Regular,10.0,0,False,74.0,419.697998046875,567.610107421875,429.697998046875
11,"types, except for predefined Oracle Analytics Publisher reports.",OracleSans-Regular,10.0,0,False,74.0,431.7980041503906,356.92999267578125,441.7980041503906
11,•,OracleSans-Regular,10.0,4616518,False,62.47999954223633,448.3599853515625,66.0,458.3599853515625
11,"Enterprise Performance Management Workspace: Create reports, books, snapshot reports, snapshot books,",OracleSans-Regular,10.0,0,False,74.0,448.3599853515625,557.1800537109375,458.3599853515625
11,"Financial Reporting batches, and batch scheduler, and schedule batches to automatically run and burst to",OracleSans-Regular,10.0,0,False,74.0,460.4599914550781,547.5401611328125,470.4599914550781
11,email.,OracleSans-Regular,10.0,0,False,74.0,472.55999755859375,101.0,482.55999755859375
11,•,OracleSans-Regular,10.0,4616518,False,62.47999954223633,489.1219787597656,66.0,499.1219787597656
11,Enterprise Scheduler System: Only Oracle Analytics Publisher reports can be submitted from this interface.,OracleSans-Regular,10.0,0,False,74.0,489.1219787597656,552.2401123046875,499.1219787597656
11,Users access this interface by navigating to,OracleSans-Regular,10.0,0,False,74.0,501.22198486328125,270.1400146484375,511.22198486328125
11,Tools,OracleSans-Bold,10.0,0,True,270.1400146484375,501.22198486328125,295.28997802734375,511.22198486328125
11,>,OracleSans-Regular,10.0,0,False,295.2900085449219,501.22198486328125,306.1900329589844,511.22198486328125
11,Scheduled Processes,OracleSans-Bold,10.0,0,True,306.19000244140625,501.22198486328125,405.8600769042969,511.22198486328125
11,. Most financial users have access to,OracleSans-Regular,10.0,0,False,405.8599853515625,501.22198486328125,568.5400390625,511.22198486328125
11,"this interface to run standard reports for General Ledger, Payables, Receivables, and so on.",OracleSans-Regular,10.0,0,False,74.0,513.322021484375,479.780029296875,523.322021484375
11,Related Topics,OracleSans-Italic,10.0,2434341,False,36.0,548.3719482421875,100.23999786376953,558.3719482421875
11,•,OracleSans-Regular,10.0,0,False,63.47999954223633,560.8719482421875,67.0,570.8719482421875
11,Set Up Financial Reporting Center and Smart View,OracleSans-Regular,10.0,12275740,False,75.0,561.4219970703125,301.0500183105469,571.4219970703125
11,•,OracleSans-Regular,10.0,0,False,63.47999954223633,576.9719848632812,67.0,586.9719848632812
11,How to Access EPM Narrative Reporting Reports in Financial Reporting Center,OracleSans-Regular,10.0,12275740,False,75.0,577.52197265625,426.02008056640625,587.52197265625
11,Set Up Financial Reporting Center and Smart View,OracleSans-Regular,21.0,4616518,False,36.0,623.9420166015625,520.9949951171875,644.9420166015625
11,"The Financial Reporting Center is a powerful tool for reviewing, designing, and presenting financial reports and analytic",OracleSans-Regular,10.0,0,False,36.0,659.0919799804688,572.35009765625,669.0919799804688
11,data. The critical choices required to configure and install the components in Financial Reporting Center consist of:,OracleSans-Regular,10.0,0,False,36.0,671.1920166015625,551.3701171875,681.1920166015625
11,•,OracleSans-Regular,10.0,4616518,False,62.47999954223633,697.7539672851562,66.0,707.7539672851562
11,Configuring the Financial Reporting Center,OracleSans-Regular,10.0,0,False,74.0,697.7539672851562,267.4200134277344,707.7539672851562
11,5,OracleSans-Regular,11.0,0,False,569.9830322265625,726.260009765625,576.0000610351562,737.260009765625
12,Oracle Fusion Cloud Financials,OracleSans-Regular,8.0,8421504,False,36.0,36.79999923706055,146.28799438476562,44.79999923706055
12,Implementing Accounting Hub Reporting,OracleSans-Regular,10.0,8421504,False,36.0,46.60000228881836,222.11000061035156,56.60000228881836
12,Chapter 2,OracleSans-Regular,8.0,2565927,False,541.2640380859375,36.79999923706055,576.0,44.79999923706055
12,Other Financial Reporting,OracleSans-Regular,10.0,10037031,False,460.02001953125,46.60000228881836,576.0000610351562,56.60000228881836
12,•,OracleSans-Regular,10.0,4616518,False,62.47999954223633,73.04999542236328,66.0,83.04999542236328
12,"Installing Smart View, performed by your end users",OracleSans-Regular,10.0,0,False,74.0,73.04999542236328,304.74993896484375,83.04999542236328
12,•,OracleSans-Regular,10.0,4616518,False,62.47999954223633,89.64099884033203,66.0,99.64099884033203
12,"Configuring Workspace Database Connection, performed by your administrator",OracleSans-Regular,10.0,0,False,74.0,89.64099884033203,431.64013671875,99.64099884033203
12,Configuring Financial Reporting Center,OracleSans-Regular,16.0,2434341,False,36.0,116.29100799560547,318.0639953613281,132.29100036621094
12,You have access to the reports in the Financial Reporting Center and Workspace installed with Oracle Fusion Cloud,OracleSans-Regular,10.0,0,False,36.0,136.9409942626953,549.830078125,146.9409942626953
12,Financials. Your Oracle Fusion Business Intelligence (BI) administrator defines the folder structure in Workspace. The,OracleSans-Regular,10.0,0,False,36.0,149.04100036621094,558.2301025390625,159.04100036621094
12,"administrator considers your company's security requirements for folders and reports, as well as report distribution",OracleSans-Regular,10.0,0,False,36.0,161.14100646972656,553.080078125,171.14100646972656
12,requirements for financial reporting batches.,OracleSans-Regular,10.0,0,False,36.0,173.2410125732422,237.03001403808594,183.2410125732422
12,•,OracleSans-Regular,10.0,4616518,False,62.47999954223633,196.83200073242188,66.0,206.83200073242188
12,Security can be set on folders and reports from Workspace.,OracleSans-Regular,10.0,0,False,74.0,196.83200073242188,339.50994873046875,206.83200073242188
12,•,OracleSans-Regular,10.0,4616518,False,62.47999954223633,213.42300415039062,66.0,223.42300415039062
12,You are granted access to the folders and reports you want to view by your BI administrator.,OracleSans-Regular,10.0,0,False,74.0,213.42300415039062,485.0801696777344,223.42300415039062
12,Installing Smart View,OracleSans-Regular,16.0,2434341,False,36.0,243.072998046875,188.41600036621094,259.072998046875
12,"Smart View is an Excel add-in that must be loaded on each client. To download Smart View, click",OracleSans-Regular,10.0,0,False,36.0,263.7229919433594,469.9600830078125,273.7229919433594
12,Navigator,OracleSans-Bold,10.0,0,True,469.9599914550781,263.7229919433594,519.6699829101562,273.7229919433594
12,>,OracleSans-Regular,10.0,0,False,519.6700439453125,263.7229919433594,530.5700073242188,273.7229919433594
12,Financial,OracleSans-Bold,10.0,0,True,530.5700073242188,263.7229919433594,573.5799560546875,273.7229919433594
12,Reporting Center,OracleSans-Bold,10.0,0,True,36.0,275.822998046875,118.1500015258789,285.822998046875
12,>,OracleSans-Regular,10.0,0,False,118.1500015258789,275.822998046875,129.0500030517578,285.822998046875
12,Tasks,OracleSans-Bold,10.0,0,True,129.0500030517578,275.822998046875,155.5500030517578,285.822998046875
12,panel drawer >,OracleSans-Regular,10.0,0,False,155.5500030517578,275.822998046875,227.19000244140625,285.822998046875
12,Open Workspace for Financial Reports,OracleSans-Bold,10.0,0,True,227.19000244140625,275.822998046875,409.4800720214844,285.822998046875
12,". Once the workspace is started, click",OracleSans-Regular,10.0,0,False,409.4800109863281,275.822998046875,574.3601684570312,285.822998046875
12,Tools,OracleSans-Bold,10.0,0,True,36.0,287.9229736328125,61.150001525878906,297.9229736328125
12,>,OracleSans-Regular,10.0,0,False,61.150001525878906,287.9229736328125,72.04999542236328,297.9229736328125
12,Install,OracleSans-Bold,10.0,0,True,72.05000305175781,287.9229736328125,104.0999984741211,297.9229736328125
12,>,OracleSans-Regular,10.0,0,False,104.0999984741211,287.9229736328125,112.54999542236328,297.9229736328125
12,Smart View,OracleSans-Bold,10.0,0,True,112.55000305175781,287.9229736328125,167.5,297.9229736328125
12,.,OracleSans-Regular,10.0,0,False,167.5,287.9229736328125,169.94000244140625,297.9229736328125
12,Note:,OracleSans-Bold,10.0,0,True,45.0,314.1330261230469,73.29999542236328,324.1330261230469
12,"Since Smart View is an add-in to Microsoft Office products, you can install Smart View only on a Windows",OracleSans-Regular,10.0,0,False,73.30000305175781,314.1330261230469,549.6101684570312,324.1330261230469
12,operating system.,OracleSans-Regular,10.0,0,False,45.0,326.1330261230469,125.65000915527344,336.1330261230469
12,"Once Smart View is installed, you must configure the connection using the Smart View Shared Connections URL. You",OracleSans-Regular,10.0,0,False,36.0,356.1829833984375,562.0601806640625,366.1829833984375
12,can derive the Shared Connections URL by following these steps:,OracleSans-Regular,10.0,0,False,36.0,368.2829895019531,327.5999755859375,378.2829895019531
12,1.,OracleSans-Bold,10.0,4616518,True,59.12000274658203,391.8739929199219,66.0,401.8739929199219
12,"From the Financial Reporting Center task panel, select",OracleSans-Regular,10.0,0,False,74.0,391.8739929199219,319.32000732421875,401.8739929199219
12,Open Workspace for Financial Reporting,OracleSans-Bold,10.0,0,True,319.32000732421875,391.8739929199219,511.8700866699219,401.8739929199219
12,.,OracleSans-Regular,10.0,0,False,511.8699951171875,391.8739929199219,514.3099975585938,401.8739929199219
12,2.,OracleSans-Bold,10.0,4616518,True,57.97999954223633,404.4649963378906,66.0,414.4649963378906
12,Edit the workspace URL by removing,OracleSans-Regular,10.0,0,False,74.0,404.4649963378906,242.0099639892578,414.4649963378906
12,index.jsp,OracleSans-Bold,10.0,0,True,242.00999450683594,404.4649963378906,285.3999938964844,414.4649963378906
12,and adding,OracleSans-Regular,10.0,0,False,285.3999938964844,404.4649963378906,341.32000732421875,414.4649963378906
12,SmartViewProviders,OracleSans-Bold,10.0,0,True,341.32000732421875,404.4649963378906,439.3300476074219,414.4649963378906
12,at the end.,OracleSans-Regular,10.0,0,False,439.3299865722656,404.4649963378906,489.70001220703125,414.4649963378906
12,Note:,OracleSans-Bold,10.0,0,True,83.0,421.1789855957031,111.29999542236328,431.1789855957031
12,"For example, if the workspace URL is",OracleSans-Regular,10.0,0,False,111.30000305175781,421.1789855957031,281.42999267578125,431.1789855957031
12,https://example.com/workspace/index.jsp,OracleSans-Bold,10.0,0,True,281.42999267578125,421.1789855957031,488.75,431.1789855957031
12,", then the shared",OracleSans-Regular,10.0,0,False,488.75,421.1789855957031,564.6500244140625,431.1789855957031
12,connections URL would be,OracleSans-Regular,10.0,0,False,83.0,433.27899169921875,205.49998474121094,443.27899169921875
12,https://example.com/workspace/SmartViewProviders,OracleSans-Bold,10.0,0,True,205.5,433.27899169921875,467.44000244140625,443.27899169921875
12,.,OracleSans-Regular,10.0,0,False,467.44000244140625,433.27899169921875,469.8800048828125,443.27899169921875
12,3.,OracleSans-Bold,10.0,4616518,True,57.88999938964844,453.8699951171875,66.0,463.8699951171875
12,Copy the URL.,OracleSans-Regular,10.0,0,False,74.0,453.8699951171875,138.08001708984375,463.8699951171875
12,4.,OracleSans-Bold,10.0,4616518,True,56.88999938964844,466.46099853515625,66.0,476.46099853515625
12,Open Excel.,OracleSans-Regular,10.0,0,False,74.0,466.46099853515625,126.75000762939453,476.46099853515625
12,5.,OracleSans-Bold,10.0,4616518,True,57.55999755859375,479.052001953125,66.0,489.052001953125
12,"From the Smart View menu, click",OracleSans-Regular,10.0,0,False,74.0,479.052001953125,224.52996826171875,489.052001953125
12,Options,OracleSans-Bold,10.0,0,True,224.52999877929688,479.052001953125,262.3699645996094,489.052001953125
12,>,OracleSans-Regular,10.0,0,False,262.3699951171875,479.052001953125,273.27001953125,489.052001953125
12,Advanced,OracleSans-Bold,10.0,0,True,273.27001953125,479.052001953125,320.6199951171875,489.052001953125
12,.,OracleSans-Regular,10.0,0,False,320.6199951171875,479.052001953125,323.05999755859375,489.052001953125
12,6.,OracleSans-Bold,10.0,4616518,True,57.12999725341797,491.64300537109375,66.0,501.64300537109375
12,Paste the URL in the,OracleSans-Regular,10.0,0,False,74.0,491.64300537109375,167.62998962402344,501.64300537109375
12,Shared Connections URL,OracleSans-Bold,10.0,0,True,167.6300048828125,491.64300537109375,285.4599914550781,501.64300537109375
12,field.,OracleSans-Regular,10.0,0,False,285.46002197265625,491.64300537109375,309.9499816894531,501.64300537109375
12,7.,OracleSans-Bold,10.0,4616518,True,58.56999969482422,504.2339782714844,66.0,514.2340087890625
12,Click,OracleSans-Regular,10.0,0,False,74.0,504.2339782714844,97.75,514.2340087890625
12,OK,OracleSans-Bold,10.0,0,True,97.75,504.2339782714844,112.4000015258789,514.2340087890625
12,.,OracleSans-Regular,10.0,0,False,112.4000015258789,504.2339782714844,114.84000396728516,514.2340087890625
12,To connect Oracle General Ledger balances cubes in Smart View:,OracleSans-Regular,10.0,0,False,36.0,521.333984375,326.8300476074219,531.333984375
12,1.,OracleSans-Bold,10.0,4616518,True,59.12000274658203,544.9249877929688,66.0,554.9249877929688
12,Open Smart View from your,OracleSans-Regular,10.0,0,False,74.0,544.9249877929688,202.3999786376953,554.9249877929688
12,Start menu,OracleSans-Bold,10.0,0,True,202.39999389648438,544.9249877929688,258.4100036621094,554.9249877929688
12,>,OracleSans-Regular,10.0,0,False,258.4100036621094,544.9249877929688,266.8600158691406,554.9249877929688
12,Programs,OracleSans-Bold,10.0,0,True,266.8599853515625,544.9249877929688,312.63995361328125,554.9249877929688
12,>,OracleSans-Regular,10.0,0,False,312.6400146484375,544.9249877929688,323.5400390625,554.9249877929688
12,Microsoft Office,OracleSans-Bold,10.0,0,True,323.5400085449219,544.9249877929688,401.1800842285156,554.9249877929688
12,>,OracleSans-Regular,10.0,0,False,401.17999267578125,544.9249877929688,412.08001708984375,554.9249877929688
12,Microsoft Excel 2007,OracleSans-Bold,10.0,0,True,412.0799865722656,544.9249877929688,511.3900451660156,554.9249877929688
12,.,OracleSans-Regular,10.0,0,False,511.3900146484375,544.9249877929688,513.8300170898438,554.9249877929688
12,2.,OracleSans-Bold,10.0,4616518,True,57.97999954223633,557.5159912109375,66.0,567.5159912109375
12,Navigate to the,OracleSans-Regular,10.0,0,False,74.0,557.5159912109375,145.09999084472656,567.5159912109375
12,Smart View,OracleSans-Bold,10.0,0,True,145.10000610351562,557.5159912109375,200.04998779296875,567.5159912109375
12,menu >,OracleSans-Regular,10.0,0,False,200.0500030517578,557.5159912109375,239.62998962402344,567.5159912109375
12,Open,OracleSans-Bold,10.0,0,True,239.6300048828125,557.5159912109375,265.3900146484375,567.5159912109375
12,. On the,OracleSans-Regular,10.0,0,False,265.3900146484375,557.5159912109375,303.32000732421875,567.5159912109375
12,Start,OracleSans-Bold,10.0,0,True,303.32000732421875,557.5159912109375,327.1500244140625,567.5159912109375
12,"on the ribbon, click",OracleSans-Regular,10.0,0,False,327.1499938964844,557.5159912109375,417.5400695800781,567.5159912109375
12,Smart View Panel,OracleSans-Bold,10.0,0,True,417.5400085449219,557.5159912109375,501.49005126953125,567.5159912109375
12,that appears in,OracleSans-Regular,10.0,0,False,501.489990234375,557.5159912109375,571.5699462890625,567.5159912109375
12,the list of values from the ribbon. The task pane opens.,OracleSans-Regular,10.0,0,False,74.0,569.615966796875,321.6100158691406,579.615966796875
12,3.,OracleSans-Bold,10.0,4616518,True,57.88999938964844,582.2069702148438,66.0,592.2069702148438
12,Click,OracleSans-Regular,10.0,0,False,74.0,582.2069702148438,97.75,592.2069702148438
12,Shared Connections,OracleSans-Bold,10.0,0,True,97.75,582.2069702148438,193.5399932861328,592.2069702148438
12,on the task pane.,OracleSans-Regular,10.0,0,False,193.5399932861328,582.2069702148438,273.46002197265625,592.2069702148438
12,4.,OracleSans-Bold,10.0,4616518,True,56.88999938964844,594.7979736328125,66.0,604.7979736328125
12,Sign in with your user name and password.,OracleSans-Regular,10.0,0,False,74.0,594.7979736328125,267.15997314453125,604.7979736328125
12,5.,OracleSans-Bold,10.0,4616518,True,57.55999755859375,607.3889770507812,66.0,617.3889770507812
12,Click the,OracleSans-Regular,10.0,0,False,74.0,607.3889770507812,114.87999725341797,617.3889770507812
12,Select Server to proceed,OracleSans-Bold,10.0,0,True,114.87999725341797,607.3889770507812,233.65000915527344,617.3889770507812
12,list of values.,OracleSans-Regular,10.0,0,False,233.64999389648438,607.3889770507812,294.5199890136719,617.3889770507812
12,Note:,OracleSans-Bold,10.0,0,True,83.0,624.1029663085938,111.29999542236328,634.1029663085938
12,"If the Essbase Server isn't there, then it has to be added. Use the following steps:",OracleSans-Regular,10.0,0,False,111.30000305175781,624.1029663085938,473.8100280761719,634.1029663085938
12,a.,OracleSans-Bold,10.0,4616518,True,124.66000366210938,638.2030029296875,133.0,648.2030029296875
12,Click the Add Essbase Server link.,OracleSans-Regular,10.0,0,False,149.0,638.2030029296875,299.41998291015625,648.2030029296875
12,b.,OracleSans-Bold,10.0,4616518,True,124.43000030517578,652.302978515625,133.0,662.302978515625
12,Specify the Essbase Server login and password.,OracleSans-Regular,10.0,0,False,149.0,652.302978515625,361.64996337890625,662.302978515625
12,c.,OracleSans-Bold,10.0,4616518,True,125.30000305175781,666.4030151367188,132.99998474121094,676.4030151367188
12,Expand the Essbase server and locate the cube in it.,OracleSans-Regular,10.0,0,False,149.0,666.4030151367188,381.1600341796875,676.4030151367188
12,6,OracleSans-Regular,11.0,0,False,569.54296875,726.260009765625,575.9999389648438,737.260009765625
13,Oracle Fusion Cloud Financials,OracleSans-Regular,8.0,8421504,False,36.0,36.79999923706055,146.28799438476562,44.79999923706055
13,Implementing Accounting Hub Reporting,OracleSans-Regular,10.0,8421504,False,36.0,46.60000228881836,222.11000061035156,56.60000228881836
13,Chapter 2,OracleSans-Regular,8.0,2565927,False,541.2640380859375,36.79999923706055,576.0,44.79999923706055
13,Other Financial Reporting,OracleSans-Regular,10.0,10037031,False,460.02001953125,46.60000228881836,576.0000610351562,56.60000228881836
13,6.,OracleSans-Bold,10.0,4616518,True,57.12999725341797,73.04999542236328,66.0,83.04999542236328
13,Select,OracleSans-Regular,10.0,0,False,74.0,73.04999542236328,103.66999816894531,83.04999542236328
13,Oracle Essbase,OracleSans-Bold,10.0,0,True,103.66999816894531,73.04999542236328,177.00999450683594,83.04999542236328
13,from the list of shared connections.,OracleSans-Regular,10.0,0,False,177.00999450683594,73.04999542236328,336.6500244140625,83.04999542236328
13,7.,OracleSans-Bold,10.0,4616518,True,58.56999969482422,87.1500015258789,66.0,97.1500015258789
13,Click the,OracleSans-Regular,10.0,0,False,74.0,87.1500015258789,114.87999725341797,97.1500015258789
13,Expand,OracleSans-Bold,10.0,0,True,114.87999725341797,87.1500015258789,150.52999877929688,97.1500015258789
13,to expand the list of cubes.,OracleSans-Regular,10.0,0,False,150.52999877929688,87.1500015258789,273.83001708984375,97.1500015258789
13,8.,OracleSans-Bold,10.0,4616518,True,57.15999984741211,101.24999237060547,66.0,111.24999237060547
13,Expand your cube (name of your chart of accounts).,OracleSans-Regular,10.0,0,False,74.0,101.24999237060547,307.6099853515625,111.24999237060547
13,9.,OracleSans-Bold,10.0,4616518,True,57.83000183105469,115.3499984741211,66.0,125.3499984741211
13,Click,OracleSans-Regular,10.0,0,False,74.0,115.3499984741211,97.75,125.3499984741211
13,db,OracleSans-Bold,10.0,0,True,97.75,115.3499984741211,109.91000366210938,125.3499984741211
13,.,OracleSans-Regular,10.0,0,False,109.91000366210938,115.3499984741211,112.35000610351562,125.3499984741211
13,10.,OracleSans-Bold,10.0,4616518,True,52.86000061035156,129.4499969482422,66.0,139.4499969482422
13,Click the analysis link.,OracleSans-Regular,10.0,0,False,74.0,129.4499969482422,171.87001037597656,139.4499969482422
13,Note:,OracleSans-Bold,10.0,0,True,45.0,152.66000366210938,73.29999542236328,162.66000366210938
13,You must perform these steps only once for a new server and database.,OracleSans-Regular,10.0,0,False,73.30000305175781,152.66000366210938,397.1700439453125,162.66000366210938
13,To set how the name and alias of the Essbase database appears:,OracleSans-Regular,10.0,0,False,36.0,182.7100067138672,324.080078125,192.7100067138672
13,1.,OracleSans-Bold,10.0,4616518,True,59.12000274658203,207.8100128173828,66.0,217.8100128173828
13,Click,OracleSans-Regular,10.0,0,False,74.0,207.8100128173828,97.75,217.8100128173828
13,Options,OracleSans-Bold,10.0,0,True,97.75,207.8100128173828,135.58999633789062,217.8100128173828
13,on the ribbon > select the,OracleSans-Regular,10.0,0,False,135.58999633789062,207.8100128173828,255.61997985839844,217.8100128173828
13,Member Options,OracleSans-Bold,10.0,0,True,255.6199951171875,207.8100128173828,335.86004638671875,217.8100128173828
13,> select,OracleSans-Regular,10.0,0,False,335.8599853515625,207.8100128173828,372.94000244140625,217.8100128173828
13,Member Name Display,OracleSans-Bold,10.0,0,True,372.94000244140625,207.8100128173828,483.1700134277344,217.8100128173828
13,.,OracleSans-Regular,10.0,0,False,483.1700134277344,207.8100128173828,485.6100158691406,217.8100128173828
13,2.,OracleSans-Bold,10.0,4616518,True,57.97999954223633,221.91000366210938,66.0,231.91000366210938
13,Set one of these three options:,OracleSans-Regular,10.0,0,False,74.0,221.91000366210938,212.10000610351562,231.91000366210938
13,◦,LiberationSans,14.0,4616518,False,89.04399871826172,241.4619903564453,94.0,258.4440002441406
13,Distinct Member Name,OracleSans-Bold,10.0,0,True,102.0,244.010009765625,212.0600128173828,254.010009765625
13,. Only shows the full Essbase distinct path.,OracleSans-Regular,10.0,0,False,212.05999755859375,244.010009765625,402.7500915527344,254.010009765625
13,◦,LiberationSans,14.0,4616518,False,89.04399871826172,258.69403076171875,94.0,275.676025390625
13,Member Name and Alias,OracleSans-Bold,10.0,0,True,102.0,261.24200439453125,218.7200164794922,271.24200439453125
13,: Shows both the member name and the alias.,OracleSans-Regular,10.0,0,False,218.72000122070312,261.24200439453125,424.12005615234375,271.24200439453125
13,◦,LiberationSans,14.0,4616518,False,89.04399871826172,275.926025390625,94.0,292.90802001953125
13,Member Name Only,OracleSans-Bold,10.0,0,True,102.0,278.4739990234375,197.4000244140625,288.4739990234375
13,. Shows only the member name.,OracleSans-Regular,10.0,0,False,197.39999389648438,278.4739990234375,341.8699951171875,288.4739990234375
13,Note:,OracleSans-Bold,10.0,0,True,45.0,304.8160095214844,73.29999542236328,314.8160095214844
13,"The Smart Slice feature isn't supported in General Ledger. For all other documentation, refer to the Oracle",OracleSans-Regular,10.0,0,False,73.30000305175781,304.8160095214844,549.7700805664062,314.8160095214844
13,Smart View for Office User's Guide.,OracleSans-Regular,10.0,0,False,45.0,316.8160095214844,202.62997436523438,326.8160095214844
13,Configuring Workspace Database Connections,OracleSans-Regular,16.0,2434341,False,36.0,355.416015625,371.3279724121094,371.416015625
13,Administrators must create database connections from Workspace so users can access the cubes from Workspace and,OracleSans-Regular,10.0,0,False,36.0,376.06597900390625,568.0801391601562,386.06597900390625
13,Financial Reporting Web Studio.,OracleSans-Regular,10.0,0,False,36.0,388.1659851074219,179.6699981689453,398.1659851074219
13,Note:,OracleSans-Bold,10.0,0,True,45.0,414.3760070800781,73.29999542236328,424.3760070800781
13,Ledger setup has to be completed before the database connection can be created. General Ledger balances,OracleSans-Regular,10.0,0,False,73.30000305175781,414.3760070800781,558.2100219726562,424.3760070800781
13,cubes are created as part of ledger setup. A separate cube is created for each combination of chart of accounts and,OracleSans-Regular,10.0,0,False,45.0,426.3760070800781,561.1101684570312,436.3760070800781
13,accounting calendar. A database connection is needed for each cube.,OracleSans-Regular,10.0,0,False,45.0,438.3759765625,356.2100524902344,448.3759765625
13,Steps to define a database connection are:,OracleSans-Regular,10.0,0,False,36.0,468.4259948730469,226.83001708984375,478.4259948730469
13,1.,OracleSans-Bold,10.0,4616518,True,59.12000274658203,493.5260009765625,66.0,503.5260009765625
13,Start at the,OracleSans-Regular,10.0,0,False,74.0,493.5260009765625,126.60999298095703,503.5260009765625
13,Navigator,OracleSans-Bold,10.0,0,True,126.61000061035156,493.5260009765625,173.87001037597656,503.5260009765625
13,by selecting,OracleSans-Regular,10.0,0,False,173.8699951171875,493.5260009765625,232.6099853515625,503.5260009765625
13,Financial Reporting Center,OracleSans-Bold,10.0,0,True,232.61000061035156,493.5260009765625,360.2200622558594,503.5260009765625
13,.,OracleSans-Regular,10.0,0,False,360.2200012207031,493.5260009765625,362.6600036621094,503.5260009765625
13,2.,OracleSans-Bold,10.0,4616518,True,57.97999954223633,507.6259765625,66.0,517.6259765625
13,From the,OracleSans-Regular,10.0,0,False,74.0,507.6259765625,117.25999450683594,517.6259765625
13,Financial Reporting Center,OracleSans-Bold,10.0,0,True,117.26000213623047,507.6259765625,244.87002563476562,517.6259765625
13,"task panel, select",OracleSans-Regular,10.0,0,False,244.8699951171875,507.6259765625,326.9100341796875,517.6259765625
13,Open Workspace for Financial Reporting,OracleSans-Bold,10.0,0,True,326.9100036621094,507.6259765625,519.4600830078125,517.6259765625
13,.,OracleSans-Regular,10.0,0,False,519.4599609375,507.6259765625,521.8999633789062,517.6259765625
13,3.,OracleSans-Bold,10.0,4616518,True,57.88999938964844,521.7259521484375,66.0,531.7259521484375
13,From within,OracleSans-Regular,10.0,0,False,74.0,521.7259521484375,130.27999877929688,531.7259521484375
13,Workspace,OracleSans-Bold,10.0,0,True,130.27999877929688,521.7259521484375,182.47000122070312,531.7259521484375
13,select the,OracleSans-Regular,10.0,0,False,182.47000122070312,521.7259521484375,230.6800079345703,531.7259521484375
13,Navigator,OracleSans-Bold,10.0,0,True,230.67999267578125,521.7259521484375,280.3900146484375,531.7259521484375
13,menu >,OracleSans-Regular,10.0,0,False,280.3900146484375,521.7259521484375,317.52001953125,531.7259521484375
13,Applications,OracleSans-Bold,10.0,0,True,317.5199890136719,521.7259521484375,377.2200012207031,531.7259521484375
13,>,OracleSans-Regular,10.0,0,False,377.2200012207031,521.7259521484375,385.6700134277344,531.7259521484375
13,BI Catalog,OracleSans-Bold,10.0,0,True,385.6700134277344,521.7259521484375,434.31005859375,531.7259521484375
13,.,OracleSans-Regular,10.0,0,False,434.30999755859375,521.7259521484375,436.75,531.7259521484375
13,4.,OracleSans-Bold,10.0,4616518,True,56.88999938964844,535.8259887695312,66.0,545.8259887695312
13,Select,OracleSans-Regular,10.0,0,False,74.0,535.8259887695312,103.66999816894531,545.8259887695312
13,Tools,OracleSans-Bold,10.0,0,True,103.66999816894531,535.8259887695312,128.82000732421875,545.8259887695312
13,menu >,OracleSans-Regular,10.0,0,False,128.82000732421875,535.8259887695312,168.39999389648438,545.8259887695312
13,Database Connection Manager,OracleSans-Bold,10.0,0,True,168.39999389648438,535.8259887695312,315.1199645996094,545.8259887695312
13,.,OracleSans-Regular,10.0,0,False,315.1199951171875,535.8259887695312,317.55999755859375,545.8259887695312
13,5.,OracleSans-Bold,10.0,4616518,True,57.55999755859375,549.926025390625,66.0,559.926025390625
13,Select,OracleSans-Regular,10.0,0,False,74.0,549.926025390625,103.66999816894531,559.926025390625
13,New,OracleSans-Bold,10.0,0,True,103.66999816894531,549.926025390625,124.66000366210938,559.926025390625
13,button.,OracleSans-Regular,10.0,0,False,124.66000366210938,549.926025390625,159.739990234375,559.926025390625
13,6.,OracleSans-Bold,10.0,4616518,True,57.12999725341797,564.0260009765625,66.0,574.0260009765625
13,Enter a user-friendly name for the,OracleSans-Regular,10.0,0,False,74.0,564.0260009765625,229.5800018310547,574.0260009765625
13,Database Connection Name,OracleSans-Bold,10.0,0,True,229.5800018310547,564.0260009765625,361.8500671386719,574.0260009765625
13,.,OracleSans-Regular,10.0,0,False,361.8500061035156,564.0260009765625,364.2900085449219,574.0260009765625
13,7.,OracleSans-Bold,10.0,4616518,True,58.56999969482422,578.1259765625,66.0,588.1259765625
13,Enter Essbase as the,OracleSans-Regular,10.0,0,False,74.0,578.1259765625,168.78001403808594,588.1259765625
13,Type,OracleSans-Bold,10.0,0,True,168.77999877929688,578.1259765625,191.8699951171875,588.1259765625
13,", your server, user name, and password.",OracleSans-Regular,10.0,0,False,191.8699951171875,578.1259765625,369.7099914550781,588.1259765625
13,8.,OracleSans-Bold,10.0,4616518,True,57.15999984741211,592.2260131835938,66.0,602.2260131835938
13,Select,OracleSans-Regular,10.0,0,False,74.0,592.2260131835938,103.66999816894531,602.2260131835938
13,Application,OracleSans-Bold,10.0,0,True,103.66999816894531,592.2260131835938,158.53001403808594,602.2260131835938
13,(cube) and,OracleSans-Regular,10.0,0,False,158.52999877929688,592.2260131835938,210.96998596191406,602.2260131835938
13,Database,OracleSans-Bold,10.0,0,True,210.97000122070312,592.2260131835938,257.8699951171875,602.2260131835938
13,from the list of values. Expand the,OracleSans-Regular,10.0,0,False,257.8699951171875,592.2260131835938,413.780029296875,602.2260131835938
13,Application,OracleSans-Bold,10.0,0,True,413.7799987792969,592.2260131835938,471.09002685546875,602.2260131835938
13,name to see the,OracleSans-Regular,10.0,0,False,471.0899963378906,592.2260131835938,543.280029296875,602.2260131835938
13,related,OracleSans-Regular,10.0,0,False,74.0,604.3259887695312,107.61000061035156,614.3259887695312
13,Database,OracleSans-Bold,10.0,0,True,107.61000061035156,604.3259887695312,152.0600128173828,614.3259887695312
13,.,OracleSans-Regular,10.0,0,False,152.05999755859375,604.3259887695312,154.5,614.3259887695312
13,9.,OracleSans-Bold,10.0,4616518,True,57.83000183105469,618.4259643554688,66.0,628.4259643554688
13,Click the,OracleSans-Regular,10.0,0,False,74.0,618.4259643554688,114.87999725341797,628.4259643554688
13,OK,OracleSans-Bold,10.0,0,True,114.87999725341797,618.4259643554688,129.52999877929688,628.4259643554688
13,button twice to save your selections.,OracleSans-Regular,10.0,0,False,129.52999877929688,618.4259643554688,295.5099792480469,628.4259643554688
13,10.,OracleSans-Bold,10.0,4616518,True,52.86000061035156,632.5260009765625,66.0,642.5260009765625
13,Click,OracleSans-Regular,10.0,0,False,74.0,632.5260009765625,97.75,642.5260009765625
13,Close,OracleSans-Bold,10.0,0,True,97.75,632.5260009765625,123.66000366210938,642.5260009765625
13,button in the,OracleSans-Regular,10.0,0,False,123.66000366210938,632.5260009765625,186.77999877929688,642.5260009765625
13,Database Connection Manager,OracleSans-Bold,10.0,0,True,186.77999877929688,632.5260009765625,335.9499816894531,642.5260009765625
13,window to save your connection.,OracleSans-Regular,10.0,0,False,335.95001220703125,632.5260009765625,483.6300964355469,642.5260009765625
13,Note:,OracleSans-Bold,10.0,0,True,45.0,655.7359619140625,73.29999542236328,665.7359619140625
13,"The database connection is available in both Workspace and Financial Reporting Web Studio. Optionally, it",OracleSans-Regular,10.0,0,False,73.30000305175781,655.7359619140625,552.0101318359375,665.7359619140625
13,can be set up in Financial Reporting Web Studio when putting grids on a report. This should only be done by an,OracleSans-Regular,10.0,0,False,45.0,667.7359619140625,544.6901245117188,677.7359619140625
13,administrator.,OracleSans-Regular,10.0,0,False,45.0,679.7359619140625,107.97000122070312,689.7359619140625
13,7,OracleSans-Regular,11.0,0,False,570.0599975585938,726.260009765625,576.0,737.260009765625
14,Oracle Fusion Cloud Financials,OracleSans-Regular,8.0,8421504,False,36.0,36.79999923706055,146.28799438476562,44.79999923706055
14,Implementing Accounting Hub Reporting,OracleSans-Regular,10.0,8421504,False,36.0,46.60000228881836,222.11000061035156,56.60000228881836
14,Chapter 2,OracleSans-Regular,8.0,2565927,False,541.2640380859375,36.79999923706055,576.0,44.79999923706055
14,Other Financial Reporting,OracleSans-Regular,10.0,10037031,False,460.02001953125,46.60000228881836,576.0000610351562,56.60000228881836
14,"For more detailed information about Smart View and Financial Reporting Web Studio, refer to the Using EPM with",OracleSans-Regular,10.0,0,False,36.0,75.04999542236328,545.4901123046875,85.04999542236328
14,Oracle Fusion Cloud Financials link on the Oracle Financials All Books page of the Oracle Help Center at https://,OracleSans-Regular,10.0,0,False,36.0,87.1500015258789,536.4200439453125,97.1500015258789
14,docs.oracle.com.,OracleSans-Regular,10.0,0,False,36.0,99.24999237060547,110.83000183105469,109.24999237060547
14,Oracle General Ledger Predefined Reports,OracleSans-Regular,21.0,4616518,False,36.0,152.89999389648438,444.9539794921875,173.89999389648438
14,"Oracle General Ledger provides predefined reports that cover the following areas: account analysis, journals, trial",OracleSans-Regular,10.0,0,False,36.0,188.0500030517578,542.230224609375,198.0500030517578
14,"balance reports, reconciliation reports, charts of accounts.",OracleSans-Regular,10.0,0,False,36.0,200.15000915527344,296.7500305175781,210.15000915527344
14,"You can schedule and run reports from the Scheduled Processes work area. In some cases, you can access and open",OracleSans-Regular,10.0,0,False,36.0,228.25,557.5401000976562,238.25
14,reports in the Reports and Analytics work area. Use the Browse Catalog icon on the Reports and Analytics work area to,OracleSans-Regular,10.0,0,False,36.0,240.35000610351562,567.460205078125,250.35000610351562
14,open the business intelligence (BI) Catalog. You can run and edit reports in the BI Catalog.,OracleSans-Regular,10.0,0,False,36.0,252.4500274658203,438.56005859375,262.45001220703125
14,The following table describes the predefined account analysis reports.,OracleSans-Regular,10.0,0,False,36.0,272.54998779296875,350.4500427246094,282.54998779296875
14,Name,OracleSans-Bold,8.0,0,True,42.0,310.4000244140625,64.42400360107422,318.4000244140625
14,Description,OracleSans-Bold,8.0,0,True,204.0,310.4000244140625,248.06399536132812,318.4000244140625
14,Account Analysis,OracleSans-Regular,8.0,0,False,42.0,335.0000305175781,103.79199981689453,343.0000305175781
14,•,OracleSans-Regular,8.0,4616518,False,212.1840057373047,335.0400085449219,215.0,343.0400085449219
14,Prints balances by account segment and a secondary segment for each journal entry.,OracleSans-Regular,8.0,0,False,223.0,335.0400085449219,528.4720458984375,343.0400085449219
14,•,OracleSans-Regular,8.0,4616518,False,212.1840057373047,350.72003173828125,215.0,358.72003173828125
14,Lists the subledger document number for transactions imported from subledgers.,OracleSans-Regular,8.0,0,False,223.0,350.72003173828125,517.4480590820312,358.72003173828125
14,General Ledger Account Details Report,OracleSans-Regular,8.0,0,False,42.0,374.3600158691406,182.03201293945312,382.3600158691406
14,•,OracleSans-Regular,8.0,4616518,False,212.1840057373047,374.3999938964844,215.0,382.3999938964844
14,Provides journal information to trace each transaction back to its original source.,OracleSans-Regular,8.0,0,False,223.0,374.3999938964844,512.6720581054688,382.3999938964844
14,•,OracleSans-Regular,8.0,4616518,False,212.1840057373047,390.08001708984375,215.0,398.08001708984375
14,Prints a separate page for each balancing segment value.,OracleSans-Regular,8.0,0,False,223.0,390.08001708984375,427.9519958496094,398.08001708984375
14,•,OracleSans-Regular,8.0,4616518,False,212.1840057373047,405.760009765625,215.0,413.760009765625
14,"For each journal line, prints:",OracleSans-Regular,8.0,0,False,223.0,405.760009765625,323.0639953613281,413.760009765625
14,◦,LiberationSans,14.0,4616518,False,210.04400634765625,422.8919982910156,215.0,439.8739929199219
14,"The account affected, the concatenated description, the journal line amount, and the beginning",OracleSans-Regular,8.0,0,False,223.0,425.44000244140625,566.3761596679688,433.44000244140625
14,and ending account balance.,OracleSans-Regular,8.0,0,False,223.0,435.1199951171875,326.3999938964844,443.1199951171875
14,◦,LiberationSans,14.0,4616518,False,210.04400634765625,444.25201416015625,215.0,461.2340087890625
14,"Journal details including source, category, journal name, and effective date.",OracleSans-Regular,8.0,0,False,223.0,446.79998779296875,494.0321044921875,454.79998779296875
14,•,OracleSans-Regular,8.0,4616518,False,212.1840057373047,467.61199951171875,215.0,475.61199951171875
14,Lists accounts in ascending order by account segment value.,OracleSans-Regular,8.0,0,False,223.0,467.61199951171875,441.2000427246094,475.61199951171875
14,•,OracleSans-Regular,8.0,4616518,False,212.1840057373047,483.2919921875,215.0,491.2919921875
14,Prints a CR next to credit amounts.,OracleSans-Regular,8.0,0,False,223.0,483.2919921875,347.7919921875,491.2919921875
14,Account Analysis for Contra Account,OracleSans-Regular,8.0,0,False,42.0,506.9320068359375,173.94398498535156,514.9320068359375
14,Report,OracleSans-Regular,8.0,0,False,42.0,516.5320434570312,66.4320068359375,524.5320434570312
14,•,OracleSans-Regular,8.0,4616518,False,212.1840057373047,506.9720458984375,215.0,514.9720458984375
14,Prints balances by account segment and a secondary segment.,OracleSans-Regular,8.0,0,False,223.0,506.9720458984375,449.5440368652344,514.9720458984375
14,•,OracleSans-Regular,8.0,4616518,False,212.1840057373047,522.6520385742188,215.0,530.6520385742188
14,Lists the contra account for each journal entry and the subledger document number for,OracleSans-Regular,8.0,0,False,223.0,522.6520385742188,537.1760864257812,530.6520385742188
14,transactions imported from subledgers.,OracleSans-Regular,8.0,0,False,223.0,532.33203125,365.8160095214844,540.33203125
14,•,OracleSans-Regular,8.0,4616518,False,212.1840057373047,548.0120239257812,215.0,556.0120239257812
14,"Prints by date range, accounting flexfield range, contra account, and amount range.",OracleSans-Regular,8.0,0,False,223.0,548.0120239257812,523.1201171875,556.0120239257812
14,Average Balance Audit Account Analysis,OracleSans-Regular,8.0,0,False,42.0,571.6520385742188,186.71998596191406,579.6520385742188
14,Report,OracleSans-Regular,8.0,0,False,42.0,581.2520751953125,66.4320068359375,589.2520751953125
14,•,OracleSans-Regular,8.0,4616518,False,212.1840057373047,571.6920776367188,215.0,579.6920776367188
14,Displays the detail account activity that created the aggregate balances and related average,OracleSans-Regular,8.0,0,False,223.0,571.6920776367188,551.3600463867188,579.6920776367188
14,balances.,OracleSans-Regular,8.0,0,False,223.0,581.3720703125,256.656005859375,589.3720703125
14,•,OracleSans-Regular,8.0,4616518,False,212.1840057373047,597.0520629882812,215.0,605.0520629882812
14,Displays daily average balance information for the selected accounts for the specified range of,OracleSans-Regular,8.0,0,False,223.0,597.0520629882812,561.080078125,605.0520629882812
14,dates.,OracleSans-Regular,8.0,0,False,223.0,606.7320556640625,244.62399291992188,614.7320556640625
14,•,OracleSans-Regular,8.0,4616518,False,212.1840057373047,622.4120483398438,215.0,630.4120483398438
14,"Contains parameters such as the as-of reporting date, average balance type (period, quarter, or",OracleSans-Regular,8.0,0,False,223.0,622.4120483398438,564.8161010742188,630.4120483398438
14,"year average-to-date), and account ranges.",OracleSans-Regular,8.0,0,False,223.0,632.092041015625,378.1759948730469,640.092041015625
14,Note:,OracleSans-Bold,8.0,0,True,213.66900634765625,652.6920776367188,234.3489990234375,660.6920776367188
14,Use to research how average balances are calculated for an account.,OracleSans-Regular,8.0,0,False,213.66900634765625,662.2920532226562,458.029052734375,670.2920532226562
14,8,OracleSans-Regular,11.0,0,False,569.553955078125,726.260009765625,575.9999389648438,737.260009765625
15,Oracle Fusion Cloud Financials,OracleSans-Regular,8.0,8421504,False,36.0,36.79999923706055,146.28799438476562,44.79999923706055
15,Implementing Accounting Hub Reporting,OracleSans-Regular,10.0,8421504,False,36.0,46.60000228881836,222.11000061035156,56.60000228881836
15,Chapter 2,OracleSans-Regular,8.0,2565927,False,541.2640380859375,36.79999923706055,576.0,44.79999923706055
15,Other Financial Reporting,OracleSans-Regular,10.0,10037031,False,460.02001953125,46.60000228881836,576.0000610351562,56.60000228881836
15,The following table describes the predefined journal reports.,OracleSans-Regular,10.0,0,False,36.0,75.04999542236328,307.6300048828125,85.04999542236328
15,Name,OracleSans-Bold,8.0,0,True,42.0,112.89999389648438,64.42400360107422,120.89999389648438
15,Description,OracleSans-Bold,8.0,0,True,204.0,112.89999389648438,248.06399536132812,120.89999389648438
15,Journals Report,OracleSans-Regular,8.0,0,False,42.0,137.5,99.24000549316406,145.5
15,•,OracleSans-Regular,8.0,4616518,False,212.1840057373047,137.54000854492188,215.0,145.54000854492188
15,"Provides journal activity for a given period or range of periods, balancing segment value,",OracleSans-Regular,8.0,0,False,223.0,137.54000854492188,541.5202026367188,145.54000854492188
15,"currency, and range of account segment values.",OracleSans-Regular,8.0,0,False,223.0,147.22000122070312,396.7759704589844,155.22000122070312
15,•,OracleSans-Regular,8.0,4616518,False,212.1840057373047,162.89999389648438,215.0,170.89999389648438
15,"Prints the accounting date, category, journal name, reference, journal batch name, entered debit",OracleSans-Regular,8.0,0,False,223.0,162.89999389648438,567.6881103515625,170.89999389648438
15,"or credit amounts, net balance, and account total for each journal.",OracleSans-Regular,8.0,0,False,223.0,172.5800018310547,459.5760498046875,180.5800018310547
15,•,OracleSans-Regular,8.0,4616518,False,212.1840057373047,188.260009765625,215.0,196.260009765625
15,Includes a total for each balancing segment and a grand total for all the activity.,OracleSans-Regular,8.0,0,False,223.0,188.260009765625,508.216064453125,196.260009765625
15,General Journals Report,OracleSans-Regular,8.0,0,False,42.0,211.90000915527344,129.0959930419922,219.90000915527344
15,"Provides journal activity for a given period or range of periods, balancing segment value, currency, and",OracleSans-Regular,8.0,0,False,204.0,211.90000915527344,572.9920654296875,219.90000915527344
15,range of account segment values.,OracleSans-Regular,8.0,0,False,204.0,221.50001525878906,325.343994140625,229.50001525878906
15,Journals Batch Summary Report,OracleSans-Regular,8.0,0,False,42.0,250.70001220703125,158.8719940185547,258.70001220703125
15,•,OracleSans-Regular,8.0,4616518,False,212.1840057373047,250.739990234375,215.0,258.739990234375
15,"Lists posted journal batches for a particular ledger, balancing segment value, currency, and date",OracleSans-Regular,8.0,0,False,223.0,250.739990234375,567.2240600585938,258.739990234375
15,range.,OracleSans-Regular,8.0,0,False,223.0,260.41998291015625,245.6959991455078,268.41998291015625
15,•,OracleSans-Regular,8.0,4616518,False,212.1840057373047,276.1000061035156,215.0,284.1000061035156
15,"Provides information about actual balances for your journal batches, source, batch, and posting",OracleSans-Regular,8.0,0,False,223.0,276.1000061035156,565.8560791015625,284.1000061035156
15,"dates, total entered debits and credits. Sorts the information by journal batch within each journal",OracleSans-Regular,8.0,0,False,223.0,285.7799987792969,569.7200317382812,293.7799987792969
15,entry category.,OracleSans-Regular,8.0,0,False,223.0,295.4599914550781,276.8399963378906,303.4599914550781
15,•,OracleSans-Regular,8.0,4616518,False,212.1840057373047,311.1400146484375,215.0,319.1400146484375
15,Includes totals for each journal category and a grand total for each ledger and balancing segment,OracleSans-Regular,8.0,0,False,223.0,311.1400146484375,572.5760498046875,319.1400146484375
15,value combination.,OracleSans-Regular,8.0,0,False,223.0,320.82000732421875,291.6159973144531,328.82000732421875
15,•,OracleSans-Regular,8.0,4616518,False,212.1840057373047,336.5,215.0,344.5
15,Doesn't report on budget or encumbrance balances.,OracleSans-Regular,8.0,0,False,223.0,336.5,410.35205078125,344.5
15,Journals Details Report,OracleSans-Regular,8.0,0,False,42.0,360.1400146484375,125.82401275634766,368.1400146484375
15,"Provides information about manually entered journals prior to posting, including field by field, all data",OracleSans-Regular,8.0,0,False,204.0,360.1400146484375,569.8641357421875,368.1400146484375
15,entered into the applications or data imported from external sources.,OracleSans-Regular,8.0,0,False,204.0,369.739990234375,452.35205078125,377.739990234375
15,Journals Day Book Report,OracleSans-Regular,8.0,0,False,42.0,398.9400329589844,135.55999755859375,406.9400329589844
15,•,OracleSans-Regular,8.0,4616518,False,212.1840057373047,398.9800109863281,215.0,406.9800109863281
15,Provides posted journal entries and journal details chronologically by accounting date for a,OracleSans-Regular,8.0,0,False,223.0,398.9800109863281,549.5200805664062,406.9800109863281
15,"specified range of dates, journal source, and journal category.",OracleSans-Regular,8.0,0,False,223.0,408.6600341796875,444.0800476074219,416.6600341796875
15,Note:,OracleSans-Bold,8.0,0,True,213.66900634765625,430.5,234.3489990234375,438.5
15,"To run the report for all journal sources and categories, clear the",OracleSans-Regular,8.0,0,False,213.66900634765625,440.17999267578125,445.9650573730469,448.17999267578125
15,Source,OracleSans-Bold,8.0,0,True,445.96502685546875,440.17999267578125,472.1010437011719,448.17999267578125
15,and,OracleSans-Regular,8.0,0,False,472.10101318359375,440.17999267578125,489.77301025390625,448.17999267578125
15,Category,OracleSans-Bold,8.0,0,True,489.77301025390625,440.17999267578125,524.6610717773438,448.17999267578125
15,fields.,OracleSans-Regular,8.0,0,False,524.6610107421875,440.17999267578125,547.9810791015625,448.17999267578125
15,•,OracleSans-Regular,8.0,4616518,False,212.1840057373047,480.34002685546875,215.0,488.34002685546875
15,Sorts journal entries for each accounting date by document number.,OracleSans-Regular,8.0,0,False,223.0,480.34002685546875,468.7840270996094,488.34002685546875
15,•,OracleSans-Regular,8.0,4616518,False,212.1840057373047,496.02001953125,215.0,504.02001953125
15,"Prints the accounting date, document number, journal entry name, journal source and category,",OracleSans-Regular,8.0,0,False,223.0,496.02001953125,567.0481567382812,504.02001953125
15,"subledger document name and number, currency, and conversion rate.",OracleSans-Regular,8.0,0,False,223.0,505.70001220703125,479.6480712890625,513.7000122070312
15,Note:,OracleSans-Bold,8.0,0,True,213.66900634765625,522.3400268554688,236.3090057373047,530.3400268554688
15,"When you set the General Ledger Journal Entry Summarization option, as part of the Manage",OracleSans-Regular,8.0,0,False,236.3090057373047,522.3400268554688,574.821044921875,530.3400268554688
15,"Subledger Accounting Options task, to either",OracleSans-Regular,8.0,0,False,213.66900634765625,532.02001953125,377.2290344238281,540.02001953125
15,Summarize by general ledger date,OracleSans-Bold,8.0,0,True,377.22900390625,532.02001953125,507.5570373535156,540.02001953125
15,or,OracleSans-Regular,8.0,0,False,507.5570068359375,532.02001953125,519.0850219726562,540.02001953125
15,Summarize by,OracleSans-Bold,8.0,0,True,519.0849609375,532.02001953125,573.22900390625,540.02001953125
15,general ledger period,OracleSans-Bold,8.0,0,True,213.66900634765625,541.7000122070312,295.7890319824219,549.7000122070312
15,", the SUBLEDGER_DOC_SEQUENCE_ID and SUBLEDGER_DOC_SEQUENCE_",OracleSans-Regular,8.0,0,False,295.78900146484375,541.7000122070312,568.1331176757812,549.7000122070312
15,"VALUE columns will be empty in the GL_JE_LINES table, even though document sequencing is",OracleSans-Regular,8.0,0,False,213.66900634765625,551.3800048828125,552.653076171875,559.3800048828125
15,enabled. All subledger entry lines are summarized into a single general ledger entry if the following,OracleSans-Regular,8.0,0,False,213.66900634765625,561.06005859375,568.8131103515625,569.06005859375
15,"details are the same: accounting period or date, General Ledger journal category, account, entered",OracleSans-Regular,8.0,0,False,213.66900634765625,570.7400512695312,566.4371337890625,578.7400512695312
15,"currency, side, balance type. As a result, the report won't display details in the Subledger Document",OracleSans-Regular,8.0,0,False,213.66900634765625,580.4200439453125,569.4290771484375,588.4200439453125
15,Sequence and Subledger Document Number columns.,OracleSans-Regular,8.0,0,False,213.66900634765625,590.1000366210938,409.4290466308594,598.1000366210938
15,•,OracleSans-Regular,8.0,4616518,False,212.1840057373047,620.5800170898438,215.0,628.5800170898438
15,"Prints for each journal line, the line number, account segment value and description, functional",OracleSans-Regular,8.0,0,False,223.0,620.5800170898438,564.3760375976562,628.5800170898438
15,"debit and credit amounts, description, and cost center segment value.",OracleSans-Regular,8.0,0,False,223.0,630.260009765625,473.7601013183594,638.260009765625
15,Reconciled Transactions Report,OracleSans-Regular,8.0,0,False,42.0,653.8999633789062,155.75999450683594,661.8999633789062
15,Provides details of clearing account journal lines that have been successfully reconciled by both,OracleSans-Regular,8.0,0,False,204.0,653.8999633789062,547.14404296875,661.8999633789062
15,automatic and manual reconciliation processes.,OracleSans-Regular,8.0,0,False,204.0,663.5,375.4320068359375,671.5
15,9,OracleSans-Regular,11.0,0,False,569.54296875,726.260009765625,575.9999389648438,737.260009765625
16,Oracle Fusion Cloud Financials,OracleSans-Regular,8.0,8421504,False,36.0,36.79999923706055,146.28799438476562,44.79999923706055
16,Implementing Accounting Hub Reporting,OracleSans-Regular,10.0,8421504,False,36.0,46.60000228881836,222.11000061035156,56.60000228881836
16,Chapter 2,OracleSans-Regular,8.0,2565927,False,541.2640380859375,36.79999923706055,576.0,44.79999923706055
16,Other Financial Reporting,OracleSans-Regular,10.0,10037031,False,460.02001953125,46.60000228881836,576.0000610351562,56.60000228881836
16,Name,OracleSans-Bold,8.0,0,True,42.0,80.79999542236328,64.42400360107422,88.79999542236328
16,Description,OracleSans-Bold,8.0,0,True,204.0,80.79999542236328,248.06399536132812,88.79999542236328
16,Unreconciled Transactions Report,OracleSans-Regular,8.0,0,False,42.0,105.39999389648438,164.08799743652344,113.39999389648438
16,"Lists all unreconciled clearing account journal lines, specifically the unreconciled lines that weren't",OracleSans-Regular,8.0,0,False,204.0,105.39999389648438,556.1200561523438,113.39999389648438
16,"subjected to reconciliation yet, those lines rejected by previous automatic or manual reconciliation",OracleSans-Regular,8.0,0,False,204.0,114.99999237060547,556.8641357421875,122.99999237060547
16,"processes, and those lines that were marked as reviewed.",OracleSans-Regular,8.0,0,False,204.0,124.5999984741211,409.6480407714844,132.60000610351562
16,Journal and Transaction Details Report,OracleSans-Regular,8.0,0,False,42.0,153.8000030517578,182.1680145263672,161.8000030517578
16,"Lists the general ledger journals and subledger transactions activity along with header, line, and",OracleSans-Regular,8.0,0,False,204.0,153.8000030517578,548.2640380859375,161.8000030517578
16,distribution-level details. Includes the account combinations on each line for the selected accounts.,OracleSans-Regular,8.0,0,False,204.0,163.40000915527344,560.328125,171.40000915527344
16,Note:,OracleSans-Bold,8.0,0,True,213.66900634765625,189.5600128173828,236.3090057373047,197.5600128173828
16,You can run or schedule this report only from Oracle Analytics Publisher.,OracleSans-Regular,8.0,0,False,236.3090057373047,189.5600128173828,498.4290771484375,197.5600128173828
16,The following table describes the predefined trial balance reports.,OracleSans-Regular,10.0,0,False,36.0,227.2100067138672,330.75,237.2100067138672
16,Name,OracleSans-Bold,8.0,0,True,42.0,265.05999755859375,64.42400360107422,273.05999755859375
16,Description,OracleSans-Bold,8.0,0,True,204.0,265.05999755859375,248.06399536132812,273.05999755859375
16,Trial Balance Report,OracleSans-Regular,8.0,0,False,42.0,289.6600036621094,114.2239990234375,297.6600036621094
16,"Provides summarized actual account balances and activity by ledger, balancing segment, and account",OracleSans-Regular,8.0,0,False,204.0,289.6600036621094,570.256103515625,297.6600036621094
16,segment value.,OracleSans-Regular,8.0,0,False,204.0,299.2599792480469,258.7200012207031,307.2599792480469
16,Trial Balance - Average Balances,OracleSans-Regular,8.0,0,False,42.0,328.46002197265625,158.4559783935547,336.46002197265625
16,•,OracleSans-Regular,8.0,4616518,False,212.1840057373047,328.5,215.0,336.5
16,Provides a listing of ending balances and average balances for selected accounts based on an,OracleSans-Regular,8.0,0,False,223.0,328.5,558.6561279296875,336.5
16,effective date specified.,OracleSans-Regular,8.0,0,False,223.0,338.17999267578125,308.1839904785156,346.17999267578125
16,•,OracleSans-Regular,8.0,4616518,False,212.1840057373047,353.8600158691406,215.0,361.8600158691406
16,Prints the ledger currency or foreign-entered balances.,OracleSans-Regular,8.0,0,False,223.0,353.8600158691406,419.8000183105469,361.8600158691406
16,•,OracleSans-Regular,8.0,4616518,False,212.1840057373047,369.5400085449219,215.0,377.5400085449219
16,"Displays period, quarter, and year average-to-date balances.",OracleSans-Regular,8.0,0,False,223.0,369.5400085449219,439.5360412597656,377.5400085449219
16,Note:,OracleSans-Bold,8.0,0,True,213.66900634765625,390.1399841308594,234.3489990234375,398.1399841308594
16,Request additional information by specifying balancing segments and account ranges.,OracleSans-Regular,8.0,0,False,213.66900634765625,399.739990234375,524.6690673828125,407.739990234375
16,The following table describes the predefined reconciliation reports.,OracleSans-Regular,10.0,0,False,36.0,446.989990234375,336.7400207519531,456.989990234375
16,Name,OracleSans-Bold,8.0,0,True,42.0,484.84002685546875,64.42400360107422,492.84002685546875
16,Description,OracleSans-Bold,8.0,0,True,204.0,484.84002685546875,248.06399536132812,492.84002685546875
16,Cash to General Ledger Reconciliation,OracleSans-Regular,8.0,0,False,42.0,509.44000244140625,178.96798706054688,517.4400024414062
16,Report,OracleSans-Regular,8.0,0,False,42.0,519.0400390625,66.4320068359375,527.0400390625
16,Extracts cash management and general ledger accounting and transactional data for reconciling cash,OracleSans-Regular,8.0,0,False,204.0,509.44000244140625,568.3681640625,517.4400024414062
16,management to the general ledger.,OracleSans-Regular,8.0,0,False,204.0,519.0400390625,330.6639709472656,527.0400390625
16,Payables to Ledger Reconciliation Report,OracleSans-Regular,8.0,0,False,42.0,548.239990234375,189.23202514648438,556.239990234375
16,•,OracleSans-Regular,8.0,4616518,False,212.1840057373047,548.280029296875,215.0,556.280029296875
16,Provides both summarized and detailed reconciling data for review.,OracleSans-Regular,8.0,0,False,223.0,548.280029296875,465.3760070800781,556.280029296875
16,•,OracleSans-Regular,8.0,4616518,False,212.1840057373047,563.9600219726562,215.0,571.9600219726562
16,"Shows payables and accounting beginning and ending balances, as well as summarized activity",OracleSans-Regular,8.0,0,False,223.0,563.9600219726562,566.1119995117188,571.9600219726562
16,for the period and how this activity was accounted.,OracleSans-Regular,8.0,0,False,223.0,573.6400146484375,405.9280090332031,581.6400146484375
16,Receivables to Ledger Reconciliation,OracleSans-Regular,8.0,0,False,42.0,597.2799682617188,173.27198791503906,605.2799682617188
16,Report,OracleSans-Regular,8.0,0,False,42.0,606.8800048828125,66.4320068359375,614.8800048828125
16,•,OracleSans-Regular,8.0,4616518,False,212.1840057373047,597.3200073242188,215.0,605.3200073242188
16,Provides reconciliation of receivables data to the general ledger.,OracleSans-Regular,8.0,0,False,223.0,597.3200073242188,452.3920593261719,605.3200073242188
16,•,OracleSans-Regular,8.0,4616518,False,212.1840057373047,613.0,215.0,621.0
16,"Shows receivables and accounting beginning and ending balances, as well as summarized activity",OracleSans-Regular,8.0,0,False,223.0,613.0,574.4719848632812,621.0
16,for the period and how the activity was accounted.,OracleSans-Regular,8.0,0,False,223.0,622.6799926757812,404.4800109863281,630.6799926757812
16,The following table describes the predefined chart of account reports.,OracleSans-Regular,10.0,0,False,36.0,649.5700073242188,349.6400146484375,659.5700073242188
16,10,OracleSans-Regular,11.0,0,False,565.010986328125,726.260009765625,576.0,737.260009765625
17,Oracle Fusion Cloud Financials,OracleSans-Regular,8.0,8421504,False,36.0,36.79999923706055,146.28799438476562,44.79999923706055
17,Implementing Accounting Hub Reporting,OracleSans-Regular,10.0,8421504,False,36.0,46.60000228881836,222.11000061035156,56.60000228881836
17,Chapter 2,OracleSans-Regular,8.0,2565927,False,541.2640380859375,36.79999923706055,576.0,44.79999923706055
17,Other Financial Reporting,OracleSans-Regular,10.0,10037031,False,460.02001953125,46.60000228881836,576.0000610351562,56.60000228881836
17,Name,OracleSans-Bold,8.0,0,True,42.0,80.79999542236328,64.42400360107422,88.79999542236328
17,Description,OracleSans-Bold,8.0,0,True,204.0,80.79999542236328,248.06399536132812,88.79999542236328
17,Balancing Segment Value Assignments,OracleSans-Regular,8.0,0,False,42.0,105.39999389648438,182.7679901123047,113.39999389648438
17,Report,OracleSans-Regular,8.0,0,False,42.0,114.99999237060547,66.4320068359375,122.99999237060547
17,•,OracleSans-Regular,8.0,4616518,False,212.1840057373047,105.43999481201172,215.0,113.43999481201172
17,Reports on the assignment of primary balancing segment values to legal entities and ledgers,OracleSans-Regular,8.0,0,False,223.0,105.43999481201172,556.68017578125,113.43999481201172
17,across accounting setups.,OracleSans-Regular,8.0,0,False,223.0,115.1199951171875,316.0400085449219,123.1199951171875
17,•,OracleSans-Regular,8.0,4616518,False,212.1840057373047,130.8000030517578,215.0,138.8000030517578
17,Allows quick identification of overlapping balancing segment value errors and reviews of any,OracleSans-Regular,8.0,0,False,223.0,130.8000030517578,555.8880004882812,138.8000030517578
17,unassigned values.,OracleSans-Regular,8.0,0,False,223.0,140.48001098632812,291.6000061035156,148.48001098632812
17,Note:,OracleSans-Bold,8.0,0,True,213.66900634765625,161.0800018310547,234.3489990234375,169.0800018310547
17,The application doesn't check for overlapping balancing segment values online.,OracleSans-Regular,8.0,0,False,213.66900634765625,170.67999267578125,499.6770324707031,178.67999267578125
17,Chart of Accounts Mapping Rules Report,OracleSans-Regular,8.0,0,False,42.0,214.6800079345703,189.1680145263672,222.6800079345703
17,•,OracleSans-Regular,8.0,4616518,False,212.1840057373047,214.72000122070312,215.0,222.72000122070312
17,Provides both the segment and account rules defined for a specific chart of accounts mapping.,OracleSans-Regular,8.0,0,False,223.0,214.72000122070312,564.2001953125,222.72000122070312
17,•,OracleSans-Regular,8.0,4616518,False,212.1840057373047,230.40000915527344,215.0,238.40000915527344
17,"For mappings with account rules, prints each subsidiary account range and the parent account",OracleSans-Regular,8.0,0,False,223.0,230.40000915527344,562.7280883789062,238.40000915527344
17,into which it maps.,OracleSans-Regular,8.0,0,False,223.0,240.08001708984375,290.69598388671875,248.08001708984375
17,•,OracleSans-Regular,8.0,4616518,False,212.1840057373047,255.760009765625,215.0,263.760009765625
17,"For mapping with segment rules, prints the rule name and the parent and subsidiary segments.",OracleSans-Regular,8.0,0,False,223.0,255.760009765625,565.4161376953125,263.760009765625
17,•,OracleSans-Regular,8.0,4616518,False,212.1840057373047,271.44000244140625,215.0,279.44000244140625
17,"For mappings with a rollup range rule, prints each subsidiary segment value range and its",OracleSans-Regular,8.0,0,False,223.0,271.44000244140625,544.3121337890625,279.44000244140625
17,corresponding parent segment value.,OracleSans-Regular,8.0,0,False,223.0,281.1199951171875,357.7359924316406,289.1199951171875
17,"To run the predefined reports, navigate to the Scheduled Processes work area and follow these steps:",OracleSans-Regular,10.0,0,False,36.0,308.010009765625,489.9700622558594,318.010009765625
17,1.,OracleSans-Bold,10.0,4616518,True,59.12000274658203,328.1099853515625,66.0,338.1099853515625
17,Click,OracleSans-Regular,10.0,0,False,74.0,328.1099853515625,97.75,338.1099853515625
17,Schedule New Process,OracleSans-Bold,10.0,0,True,97.75,328.1099853515625,204.010009765625,338.1099853515625
17,.,OracleSans-Regular,10.0,0,False,204.00999450683594,328.1099853515625,206.4499969482422,338.1099853515625
17,2.,OracleSans-Bold,10.0,4616518,True,57.97999954223633,342.2099914550781,66.0,352.2099914550781
17,Search for the process name.,OracleSans-Regular,10.0,0,False,74.0,342.2099914550781,204.70999145507812,352.2099914550781
17,3.,OracleSans-Bold,10.0,4616518,True,57.88999938964844,356.30999755859375,66.0,366.30999755859375
17,Specify the parameters.,OracleSans-Regular,10.0,0,False,74.0,356.30999755859375,180.46998596191406,366.30999755859375
17,4.,OracleSans-Bold,10.0,4616518,True,56.88999938964844,370.4100036621094,66.0,380.4100036621094
17,Enter the process options and schedule.,OracleSans-Regular,10.0,0,False,74.0,370.4100036621094,253.88999938964844,380.4100036621094
17,5.,OracleSans-Bold,10.0,4616518,True,57.55999755859375,384.5099792480469,66.0,394.5099792480469
17,Click,OracleSans-Regular,10.0,0,False,74.0,384.5099792480469,97.75,394.5099792480469
17,Submit,OracleSans-Bold,10.0,0,True,97.75,384.5099792480469,131.9600067138672,394.5099792480469
17,.,OracleSans-Regular,10.0,0,False,131.95999145507812,384.5099792480469,134.39999389648438,394.5099792480469
17,11,OracleSans-Regular,11.0,0,False,567.926025390625,726.260009765625,576.0,737.260009765625
18,Oracle Fusion Cloud Financials,OracleSans-Regular,8.0,8421504,False,36.0,36.79999923706055,146.28799438476562,44.79999923706055
18,Implementing Accounting Hub Reporting,OracleSans-Regular,10.0,8421504,False,36.0,46.60000228881836,222.11000061035156,56.60000228881836
18,Chapter 2,OracleSans-Regular,8.0,2565927,False,541.2640380859375,36.79999923706055,576.0,44.79999923706055
18,Other Financial Reporting,OracleSans-Regular,10.0,10037031,False,460.02001953125,46.60000228881836,576.0000610351562,56.60000228881836
18,12,OracleSans-Regular,11.0,0,False,566.2760009765625,726.260009765625,576.0,737.260009765625
